cause,count,date
Arson,763,01-1992
Arson,1703,02-1992
Arson,2169,03-1992
Arson,1809,04-1992
Arson,1446,05-1992
Arson,574,06-1992
Arson,563,07-1992
Arson,433,08-1992
Arson,452,09-1992
Arson,667,10-1992
Arson,330,11-1992
Arson,253,12-1992
Arson,453,01-1993
Arson,1606,02-1993
Arson,1381,03-1993
Arson,1532,04-1993
Arson,877,05-1993
Arson,708,06-1993
Arson,967,07-1993
Arson,645,08-1993
Arson,677,09-1993
Arson,872,10-1993
Arson,778,11-1993
Arson,449,12-1993
Arson,558,01-1994
Arson,1136,02-1994
Arson,2432,03-1994
Arson,1727,04-1994
Arson,901,05-1994
Arson,495,06-1994
Arson,480,07-1994
Arson,352,08-1994
Arson,367,09-1994
Arson,410,10-1994
Arson,880,11-1994
Arson,342,12-1994
Arson,384,01-1995
Arson,1484,02-1995
Arson,2360,03-1995
Arson,2292,04-1995
Arson,899,05-1995
Arson,440,06-1995
Arson,601,07-1995
Arson,870,08-1995
Arson,1091,09-1995
Arson,830,10-1995
Arson,675,11-1995
Arson,722,12-1995
Arson,589,01-1996
Arson,2120,02-1996
Arson,1943,03-1996
Arson,1602,04-1996
Arson,1117,05-1996
Arson,493,06-1996
Arson,620,07-1996
Arson,398,08-1996
Arson,248,09-1996
Arson,419,10-1996
Arson,349,11-1996
Arson,308,12-1996
Arson,529,01-1997
Arson,900,02-1997
Arson,1975,03-1997
Arson,2221,04-1997
Arson,1053,05-1997
Arson,401,06-1997
Arson,619,07-1997
Arson,584,08-1997
Arson,1035,09-1997
Arson,908,10-1997
Arson,372,11-1997
Arson,339,12-1997
Arson,317,01-1998
Arson,921,02-1998
Arson,2183,03-1998
Arson,1845,04-1998
Arson,896,05-1998
Arson,1136,06-1998
Arson,1152,07-1998
Arson,858,08-1998
Arson,1169,09-1998
Arson,1435,10-1998
Arson,1398,11-1998
Arson,793,12-1998
Arson,826,01-1999
Arson,1737,02-1999
Arson,2781,03-1999
Arson,2646,04-1999
Arson,1017,05-1999
Arson,727,06-1999
Arson,698,07-1999
Arson,1561,08-1999
Arson,2274,09-1999
Arson,1355,10-1999
Arson,2585,11-1999
Arson,1075,12-1999
Arson,1063,01-2000
Arson,1998,02-2000
Arson,2762,03-2000
Arson,1776,04-2000
Arson,1289,05-2000
Arson,679,06-2000
Arson,1422,07-2000
Arson,1636,08-2000
Arson,1303,09-2000
Arson,2276,10-2000
Arson,1172,11-2000
Arson,451,12-2000
Arson,920,01-2001
Arson,1668,02-2001
Arson,1760,03-2001
Arson,2647,04-2001
Arson,1645,05-2001
Arson,584,06-2001
Arson,677,07-2001
Arson,596,08-2001
Arson,365,09-2001
Arson,1678,10-2001
Arson,3660,11-2001
Arson,739,12-2001
Arson,717,01-2002
Arson,2515,02-2002
Arson,2124,03-2002
Arson,1944,04-2002
Arson,1361,05-2002
Arson,873,06-2002
Arson,700,07-2002
Arson,850,08-2002
Arson,743,09-2002
Arson,232,10-2002
Arson,418,11-2002
Arson,308,12-2002
Arson,1082,01-2003
Arson,583,02-2003
Arson,1260,03-2003
Arson,2246,04-2003
Arson,689,05-2003
Arson,404,06-2003
Arson,638,07-2003
Arson,459,08-2003
Arson,441,09-2003
Arson,881,10-2003
Arson,766,11-2003
Arson,557,12-2003
Arson,797,01-2004
Arson,936,02-2004
Arson,3118,03-2004
Arson,2701,04-2004
Arson,817,05-2004
Arson,468,06-2004
Arson,440,07-2004
Arson,447,08-2004
Arson,534,09-2004
Arson,339,10-2004
Arson,358,11-2004
Arson,474,12-2004
Arson,862,01-2005
Arson,722,02-2005
Arson,1884,03-2005
Arson,2291,04-2005
Arson,994,05-2005
Arson,661,06-2005
Arson,703,07-2005
Arson,623,08-2005
Arson,925,09-2005
Arson,1137,10-2005
Arson,1765,11-2005
Arson,787,12-2005
Arson,2017,01-2006
Arson,1359,02-2006
Arson,4368,03-2006
Arson,3606,04-2006
Arson,1193,05-2006
Arson,1312,06-2006
Arson,1396,07-2006
Arson,911,08-2006
Arson,658,09-2006
Arson,795,10-2006
Arson,629,11-2006
Arson,658,12-2006
Arson,371,01-2007
Arson,1339,02-2007
Arson,2966,03-2007
Arson,2433,04-2007
Arson,1815,05-2007
Arson,838,06-2007
Arson,677,07-2007
Arson,842,08-2007
Arson,598,09-2007
Arson,647,10-2007
Arson,675,11-2007
Arson,399,12-2007
Arson,527,01-2008
Arson,782,02-2008
Arson,1499,03-2008
Arson,1628,04-2008
Arson,965,05-2008
Arson,682,06-2008
Arson,733,07-2008
Arson,613,08-2008
Arson,390,09-2008
Arson,599,10-2008
Arson,755,11-2008
Arson,310,12-2008
Arson,901,01-2009
Arson,1385,02-2009
Arson,1888,03-2009
Arson,1548,04-2009
Arson,541,05-2009
Arson,471,06-2009
Arson,675,07-2009
Arson,302,08-2009
Arson,303,09-2009
Arson,182,10-2009
Arson,534,11-2009
Arson,112,12-2009
Arson,231,01-2010
Arson,313,02-2010
Arson,1433,03-2010
Arson,2205,04-2010
Arson,535,05-2010
Arson,419,06-2010
Arson,620,07-2010
Arson,725,08-2010
Arson,951,09-2010
Arson,1367,10-2010
Arson,766,11-2010
Arson,631,12-2010
Arson,426,01-2011
Arson,867,02-2011
Arson,1437,03-2011
Arson,1228,04-2011
Arson,617,05-2011
Arson,709,06-2011
Arson,989,07-2011
Arson,789,08-2011
Arson,727,09-2011
Arson,534,10-2011
Arson,537,11-2011
Arson,249,12-2011
Arson,701,01-2012
Arson,701,02-2012
Arson,1608,03-2012
Arson,1403,04-2012
Arson,635,05-2012
Arson,810,06-2012
Arson,994,07-2012
Arson,551,08-2012
Arson,436,09-2012
Arson,480,10-2012
Arson,863,11-2012
Arson,378,12-2012
Arson,361,01-2013
Arson,424,02-2013
Arson,1401,03-2013
Arson,980,04-2013
Arson,849,05-2013
Arson,340,06-2013
Arson,417,07-2013
Arson,365,08-2013
Arson,434,09-2013
Arson,294,10-2013
Arson,551,11-2013
Arson,174,12-2013
Arson,642,01-2014
Arson,469,02-2014
Arson,1008,03-2014
Arson,1406,04-2014
Arson,875,05-2014
Arson,425,06-2014
Arson,456,07-2014
Arson,364,08-2014
Arson,268,09-2014
Arson,275,10-2014
Arson,457,11-2014
Arson,200,12-2014
Arson,374,01-2015
Arson,504,02-2015
Arson,840,03-2015
Arson,1248,04-2015
Arson,851,05-2015
Arson,357,06-2015
Arson,450,07-2015
Arson,456,08-2015
Arson,439,09-2015
Arson,558,10-2015
Arson,389,11-2015
Arson,160,12-2015
Campfire,55,01-1992
Campfire,71,02-1992
Campfire,85,03-1992
Campfire,175,04-1992
Campfire,381,05-1992
Campfire,307,06-1992
Campfire,395,07-1992
Campfire,401,08-1992
Campfire,316,09-1992
Campfire,294,10-1992
Campfire,69,11-1992
Campfire,21,12-1992
Campfire,24,01-1993
Campfire,33,02-1993
Campfire,61,03-1993
Campfire,165,04-1993
Campfire,284,05-1993
Campfire,332,06-1993
Campfire,582,07-1993
Campfire,407,08-1993
Campfire,368,09-1993
Campfire,257,10-1993
Campfire,211,11-1993
Campfire,42,12-1993
Campfire,188,01-1994
Campfire,255,02-1994
Campfire,530,03-1994
Campfire,348,04-1994
Campfire,366,05-1994
Campfire,421,06-1994
Campfire,541,07-1994
Campfire,344,08-1994
Campfire,277,09-1994
Campfire,240,10-1994
Campfire,153,11-1994
Campfire,64,12-1994
Campfire,71,01-1995
Campfire,285,02-1995
Campfire,331,03-1995
Campfire,435,04-1995
Campfire,291,05-1995
Campfire,363,06-1995
Campfire,561,07-1995
Campfire,505,08-1995
Campfire,525,09-1995
Campfire,335,10-1995
Campfire,169,11-1995
Campfire,116,12-1995
Campfire,117,01-1996
Campfire,497,02-1996
Campfire,445,03-1996
Campfire,530,04-1996
Campfire,444,05-1996
Campfire,344,06-1996
Campfire,423,07-1996
Campfire,518,08-1996
Campfire,287,09-1996
Campfire,271,10-1996
Campfire,107,11-1996
Campfire,55,12-1996
Campfire,58,01-1997
Campfire,110,02-1997
Campfire,200,03-1997
Campfire,237,04-1997
Campfire,288,05-1997
Campfire,267,06-1997
Campfire,408,07-1997
Campfire,360,08-1997
Campfire,245,09-1997
Campfire,230,10-1997
Campfire,70,11-1997
Campfire,17,12-1997
Campfire,24,01-1998
Campfire,35,02-1998
Campfire,115,03-1998
Campfire,232,04-1998
Campfire,291,05-1998
Campfire,299,06-1998
Campfire,322,07-1998
Campfire,478,08-1998
Campfire,371,09-1998
Campfire,294,10-1998
Campfire,136,11-1998
Campfire,64,12-1998
Campfire,67,01-1999
Campfire,93,02-1999
Campfire,188,03-1999
Campfire,261,04-1999
Campfire,266,05-1999
Campfire,320,06-1999
Campfire,404,07-1999
Campfire,377,08-1999
Campfire,416,09-1999
Campfire,421,10-1999
Campfire,328,11-1999
Campfire,125,12-1999
Campfire,100,01-2000
Campfire,114,02-2000
Campfire,144,03-2000
Campfire,242,04-2000
Campfire,309,05-2000
Campfire,274,06-2000
Campfire,462,07-2000
Campfire,399,08-2000
Campfire,287,09-2000
Campfire,249,10-2000
Campfire,78,11-2000
Campfire,65,12-2000
Campfire,77,01-2001
Campfire,54,02-2001
Campfire,95,03-2001
Campfire,242,04-2001
Campfire,385,05-2001
Campfire,409,06-2001
Campfire,453,07-2001
Campfire,442,08-2001
Campfire,295,09-2001
Campfire,314,10-2001
Campfire,289,11-2001
Campfire,66,12-2001
Campfire,91,01-2002
Campfire,244,02-2002
Campfire,300,03-2002
Campfire,280,04-2002
Campfire,283,05-2002
Campfire,246,06-2002
Campfire,365,07-2002
Campfire,416,08-2002
Campfire,324,09-2002
Campfire,198,10-2002
Campfire,219,11-2002
Campfire,56,12-2002
Campfire,72,01-2003
Campfire,48,02-2003
Campfire,94,03-2003
Campfire,289,04-2003
Campfire,242,05-2003
Campfire,292,06-2003
Campfire,450,07-2003
Campfire,318,08-2003
Campfire,235,09-2003
Campfire,243,10-2003
Campfire,107,11-2003
Campfire,46,12-2003
Campfire,62,01-2004
Campfire,60,02-2004
Campfire,164,03-2004
Campfire,269,04-2004
Campfire,299,05-2004
Campfire,250,06-2004
Campfire,375,07-2004
Campfire,326,08-2004
Campfire,221,09-2004
Campfire,123,10-2004
Campfire,67,11-2004
Campfire,50,12-2004
Campfire,87,01-2005
Campfire,97,02-2005
Campfire,227,03-2005
Campfire,341,04-2005
Campfire,290,05-2005
Campfire,255,06-2005
Campfire,459,07-2005
Campfire,427,08-2005
Campfire,468,09-2005
Campfire,490,10-2005
Campfire,298,11-2005
Campfire,223,12-2005
Campfire,148,01-2006
Campfire,122,02-2006
Campfire,229,03-2006
Campfire,367,04-2006
Campfire,279,05-2006
Campfire,241,06-2006
Campfire,445,07-2006
Campfire,355,08-2006
Campfire,269,09-2006
Campfire,211,10-2006
Campfire,104,11-2006
Campfire,75,12-2006
Campfire,57,01-2007
Campfire,139,02-2007
Campfire,416,03-2007
Campfire,369,04-2007
Campfire,419,05-2007
Campfire,385,06-2007
Campfire,432,07-2007
Campfire,385,08-2007
Campfire,384,09-2007
Campfire,240,10-2007
Campfire,207,11-2007
Campfire,77,12-2007
Campfire,85,01-2008
Campfire,114,02-2008
Campfire,237,03-2008
Campfire,419,04-2008
Campfire,343,05-2008
Campfire,329,06-2008
Campfire,418,07-2008
Campfire,440,08-2008
Campfire,375,09-2008
Campfire,307,10-2008
Campfire,196,11-2008
Campfire,73,12-2008
Campfire,128,01-2009
Campfire,208,02-2009
Campfire,382,03-2009
Campfire,369,04-2009
Campfire,321,05-2009
Campfire,225,06-2009
Campfire,493,07-2009
Campfire,441,08-2009
Campfire,338,09-2009
Campfire,204,10-2009
Campfire,162,11-2009
Campfire,43,12-2009
Campfire,53,01-2010
Campfire,56,02-2010
Campfire,307,03-2010
Campfire,421,04-2010
Campfire,270,05-2010
Campfire,252,06-2010
Campfire,494,07-2010
Campfire,506,08-2010
Campfire,408,09-2010
Campfire,461,10-2010
Campfire,207,11-2010
Campfire,150,12-2010
Campfire,123,01-2011
Campfire,221,02-2011
Campfire,201,03-2011
Campfire,203,04-2011
Campfire,269,05-2011
Campfire,263,06-2011
Campfire,427,07-2011
Campfire,494,08-2011
Campfire,393,09-2011
Campfire,205,10-2011
Campfire,151,11-2011
Campfire,65,12-2011
Campfire,123,01-2012
Campfire,96,02-2012
Campfire,286,03-2012
Campfire,393,04-2012
Campfire,319,05-2012
Campfire,334,06-2012
Campfire,386,07-2012
Campfire,441,08-2012
Campfire,474,09-2012
Campfire,293,10-2012
Campfire,263,11-2012
Campfire,63,12-2012
Campfire,79,01-2013
Campfire,99,02-2013
Campfire,276,03-2013
Campfire,328,04-2013
Campfire,369,05-2013
Campfire,260,06-2013
Campfire,389,07-2013
Campfire,402,08-2013
Campfire,216,09-2013
Campfire,165,10-2013
Campfire,164,11-2013
Campfire,49,12-2013
Campfire,392,01-2014
Campfire,233,02-2014
Campfire,539,03-2014
Campfire,432,04-2014
Campfire,310,05-2014
Campfire,272,06-2014
Campfire,394,07-2014
Campfire,309,08-2014
Campfire,286,09-2014
Campfire,271,10-2014
Campfire,279,11-2014
Campfire,84,12-2014
Campfire,223,01-2015
Campfire,371,02-2015
Campfire,256,03-2015
Campfire,453,04-2015
Campfire,601,05-2015
Campfire,325,06-2015
Campfire,378,07-2015
Campfire,364,08-2015
Campfire,341,09-2015
Campfire,264,10-2015
Campfire,119,11-2015
Campfire,36,12-2015
Children,159,01-1992
Children,262,02-1992
Children,342,03-1992
Children,494,04-1992
Children,488,05-1992
Children,247,06-1992
Children,271,07-1992
Children,239,08-1992
Children,141,09-1992
Children,165,10-1992
Children,54,11-1992
Children,54,12-1992
Children,53,01-1993
Children,116,02-1993
Children,142,03-1993
Children,403,04-1993
Children,343,05-1993
Children,304,06-1993
Children,362,07-1993
Children,229,08-1993
Children,191,09-1993
Children,167,10-1993
Children,114,11-1993
Children,77,12-1993
Children,97,01-1994
Children,170,02-1994
Children,392,03-1994
Children,787,04-1994
Children,407,05-1994
Children,321,06-1994
Children,301,07-1994
Children,221,08-1994
Children,149,09-1994
Children,105,10-1994
Children,169,11-1994
Children,82,12-1994
Children,59,01-1995
Children,208,02-1995
Children,482,03-1995
Children,789,04-1995
Children,300,05-1995
Children,251,06-1995
Children,336,07-1995
Children,296,08-1995
Children,201,09-1995
Children,147,10-1995
Children,105,11-1995
Children,136,12-1995
Children,129,01-1996
Children,333,02-1996
Children,388,03-1996
Children,590,04-1996
Children,422,05-1996
Children,215,06-1996
Children,384,07-1996
Children,221,08-1996
Children,110,09-1996
Children,116,10-1996
Children,89,11-1996
Children,42,12-1996
Children,120,01-1997
Children,137,02-1997
Children,361,03-1997
Children,640,04-1997
Children,383,05-1997
Children,237,06-1997
Children,299,07-1997
Children,212,08-1997
Children,216,09-1997
Children,132,10-1997
Children,71,11-1997
Children,76,12-1997
Children,90,01-1998
Children,127,02-1998
Children,307,03-1998
Children,650,04-1998
Children,311,05-1998
Children,371,06-1998
Children,324,07-1998
Children,216,08-1998
Children,181,09-1998
Children,205,10-1998
Children,191,11-1998
Children,136,12-1998
Children,129,01-1999
Children,255,02-1999
Children,511,03-1999
Children,743,04-1999
Children,276,05-1999
Children,277,06-1999
Children,271,07-1999
Children,252,08-1999
Children,216,09-1999
Children,158,10-1999
Children,243,11-1999
Children,186,12-1999
Children,219,01-2000
Children,287,02-2000
Children,559,03-2000
Children,493,04-2000
Children,383,05-2000
Children,292,06-2000
Children,370,07-2000
Children,268,08-2000
Children,164,09-2000
Children,213,10-2000
Children,133,11-2000
Children,111,12-2000
Children,262,01-2001
Children,224,02-2001
Children,282,03-2001
Children,548,04-2001
Children,441,05-2001
Children,216,06-2001
Children,258,07-2001
Children,235,08-2001
Children,171,09-2001
Children,265,10-2001
Children,480,11-2001
Children,155,12-2001
Children,138,01-2002
Children,492,02-2002
Children,351,03-2002
Children,455,04-2002
Children,296,05-2002
Children,308,06-2002
Children,312,07-2002
Children,252,08-2002
Children,113,09-2002
Children,50,10-2002
Children,68,11-2002
Children,71,12-2002
Children,130,01-2003
Children,70,02-2003
Children,185,03-2003
Children,614,04-2003
Children,234,05-2003
Children,165,06-2003
Children,251,07-2003
Children,157,08-2003
Children,125,09-2003
Children,142,10-2003
Children,87,11-2003
Children,90,12-2003
Children,153,01-2004
Children,141,02-2004
Children,387,03-2004
Children,447,04-2004
Children,237,05-2004
Children,178,06-2004
Children,186,07-2004
Children,90,08-2004
Children,46,09-2004
Children,53,10-2004
Children,53,11-2004
Children,70,12-2004
Children,104,01-2005
Children,164,02-2005
Children,286,03-2005
Children,481,04-2005
Children,272,05-2005
Children,155,06-2005
Children,211,07-2005
Children,135,08-2005
Children,235,09-2005
Children,142,10-2005
Children,207,11-2005
Children,115,12-2005
Children,217,01-2006
Children,182,02-2006
Children,619,03-2006
Children,606,04-2006
Children,265,05-2006
Children,291,06-2006
Children,403,07-2006
Children,178,08-2006
Children,110,09-2006
Children,110,10-2006
Children,91,11-2006
Children,114,12-2006
Children,108,01-2007
Children,185,02-2007
Children,366,03-2007
Children,374,04-2007
Children,369,05-2007
Children,225,06-2007
Children,279,07-2007
Children,172,08-2007
Children,132,09-2007
Children,142,10-2007
Children,116,11-2007
Children,112,12-2007
Children,113,01-2008
Children,113,02-2008
Children,256,03-2008
Children,396,04-2008
Children,284,05-2008
Children,218,06-2008
Children,253,07-2008
Children,184,08-2008
Children,102,09-2008
Children,120,10-2008
Children,109,11-2008
Children,67,12-2008
Children,150,01-2009
Children,235,02-2009
Children,247,03-2009
Children,375,04-2009
Children,190,05-2009
Children,141,06-2009
Children,226,07-2009
Children,101,08-2009
Children,92,09-2009
Children,52,10-2009
Children,59,11-2009
Children,22,12-2009
Children,41,01-2010
Children,58,02-2010
Children,287,03-2010
Children,444,04-2010
Children,137,05-2010
Children,119,06-2010
Children,192,07-2010
Children,118,08-2010
Children,159,09-2010
Children,150,10-2010
Children,107,11-2010
Children,91,12-2010
Children,107,01-2011
Children,171,02-2011
Children,176,03-2011
Children,199,04-2011
Children,206,05-2011
Children,207,06-2011
Children,226,07-2011
Children,201,08-2011
Children,141,09-2011
Children,119,10-2011
Children,80,11-2011
Children,61,12-2011
Children,143,01-2012
Children,142,02-2012
Children,311,03-2012
Children,423,04-2012
Children,168,05-2012
Children,159,06-2012
Children,221,07-2012
Children,131,08-2012
Children,147,09-2012
Children,90,10-2012
Children,135,11-2012
Children,49,12-2012
Children,75,01-2013
Children,71,02-2013
Children,240,03-2013
Children,251,04-2013
Children,246,05-2013
Children,70,06-2013
Children,118,07-2013
Children,81,08-2013
Children,63,09-2013
Children,50,10-2013
Children,100,11-2013
Children,35,12-2013
Children,112,01-2014
Children,68,02-2014
Children,189,03-2014
Children,349,04-2014
Children,174,05-2014
Children,86,06-2014
Children,97,07-2014
Children,84,08-2014
Children,52,09-2014
Children,78,10-2014
Children,92,11-2014
Children,39,12-2014
Children,70,01-2015
Children,88,02-2015
Children,228,03-2015
Children,284,04-2015
Children,168,05-2015
Children,69,06-2015
Children,106,07-2015
Children,85,08-2015
Children,99,09-2015
Children,96,10-2015
Children,38,11-2015
Children,19,12-2015
Debris Burning,893,01-1992
Debris Burning,2147,02-1992
Debris Burning,2642,03-1992
Debris Burning,2283,04-1992
Debris Burning,1830,05-1992
Debris Burning,625,06-1992
Debris Burning,466,07-1992
Debris Burning,366,08-1992
Debris Burning,341,09-1992
Debris Burning,726,10-1992
Debris Burning,232,11-1992
Debris Burning,178,12-1992
Debris Burning,379,01-1993
Debris Burning,1173,02-1993
Debris Burning,1273,03-1993
Debris Burning,2145,04-1993
Debris Burning,1160,05-1993
Debris Burning,1225,06-1993
Debris Burning,1001,07-1993
Debris Burning,827,08-1993
Debris Burning,1014,09-1993
Debris Burning,997,10-1993
Debris Burning,749,11-1993
Debris Burning,410,12-1993
Debris Burning,889,01-1994
Debris Burning,2018,02-1994
Debris Burning,4068,03-1994
Debris Burning,3029,04-1994
Debris Burning,1401,05-1994
Debris Burning,631,06-1994
Debris Burning,458,07-1994
Debris Burning,366,08-1994
Debris Burning,501,09-1994
Debris Burning,430,10-1994
Debris Burning,709,11-1994
Debris Burning,345,12-1994
Debris Burning,389,01-1995
Debris Burning,1857,02-1995
Debris Burning,3701,03-1995
Debris Burning,3056,04-1995
Debris Burning,1395,05-1995
Debris Burning,686,06-1995
Debris Burning,925,07-1995
Debris Burning,899,08-1995
Debris Burning,1151,09-1995
Debris Burning,1000,10-1995
Debris Burning,724,11-1995
Debris Burning,936,12-1995
Debris Burning,956,01-1996
Debris Burning,3421,02-1996
Debris Burning,3208,03-1996
Debris Burning,3484,04-1996
Debris Burning,1703,05-1996
Debris Burning,703,06-1996
Debris Burning,804,07-1996
Debris Burning,506,08-1996
Debris Burning,468,09-1996
Debris Burning,668,10-1996
Debris Burning,476,11-1996
Debris Burning,430,12-1996
Debris Burning,673,01-1997
Debris Burning,1092,02-1997
Debris Burning,2606,03-1997
Debris Burning,3645,04-1997
Debris Burning,1693,05-1997
Debris Burning,573,06-1997
Debris Burning,581,07-1997
Debris Burning,744,08-1997
Debris Burning,1348,09-1997
Debris Burning,977,10-1997
Debris Burning,387,11-1997
Debris Burning,431,12-1997
Debris Burning,406,01-1998
Debris Burning,909,02-1998
Debris Burning,2343,03-1998
Debris Burning,2351,04-1998
Debris Burning,960,05-1998
Debris Burning,1177,06-1998
Debris Burning,892,07-1998
Debris Burning,954,08-1998
Debris Burning,1176,09-1998
Debris Burning,1534,10-1998
Debris Burning,1303,11-1998
Debris Burning,1106,12-1998
Debris Burning,1246,01-1999
Debris Burning,2324,02-1999
Debris Burning,4475,03-1999
Debris Burning,3358,04-1999
Debris Burning,1310,05-1999
Debris Burning,879,06-1999
Debris Burning,524,07-1999
Debris Burning,1408,08-1999
Debris Burning,2045,09-1999
Debris Burning,1432,10-1999
Debris Burning,1944,11-1999
Debris Burning,1398,12-1999
Debris Burning,1389,01-2000
Debris Burning,3614,02-2000
Debris Burning,4139,03-2000
Debris Burning,2408,04-2000
Debris Burning,1945,05-2000
Debris Burning,1196,06-2000
Debris Burning,1352,07-2000
Debris Burning,1227,08-2000
Debris Burning,850,09-2000
Debris Burning,2027,10-2000
Debris Burning,753,11-2000
Debris Burning,890,12-2000
Debris Burning,2435,01-2001
Debris Burning,2904,02-2001
Debris Burning,2607,03-2001
Debris Burning,3296,04-2001
Debris Burning,2134,05-2001
Debris Burning,516,06-2001
Debris Burning,569,07-2001
Debris Burning,679,08-2001
Debris Burning,508,09-2001
Debris Burning,1862,10-2001
Debris Burning,2774,11-2001
Debris Burning,1093,12-2001
Debris Burning,1498,01-2002
Debris Burning,4306,02-2002
Debris Burning,3884,03-2002
Debris Burning,2822,04-2002
Debris Burning,1848,05-2002
Debris Burning,1072,06-2002
Debris Burning,713,07-2002
Debris Burning,986,08-2002
Debris Burning,802,09-2002
Debris Burning,310,10-2002
Debris Burning,531,11-2002
Debris Burning,497,12-2002
Debris Burning,1311,01-2003
Debris Burning,957,02-2003
Debris Burning,1735,03-2003
Debris Burning,2824,04-2003
Debris Burning,970,05-2003
Debris Burning,499,06-2003
Debris Burning,398,07-2003
Debris Burning,456,08-2003
Debris Burning,481,09-2003
Debris Burning,1086,10-2003
Debris Burning,873,11-2003
Debris Burning,956,12-2003
Debris Burning,1682,01-2004
Debris Burning,1568,02-2004
Debris Burning,5289,03-2004
Debris Burning,3812,04-2004
Debris Burning,1162,05-2004
Debris Burning,582,06-2004
Debris Burning,484,07-2004
Debris Burning,446,08-2004
Debris Burning,585,09-2004
Debris Burning,368,10-2004
Debris Burning,348,11-2004
Debris Burning,585,12-2004
Debris Burning,1382,01-2005
Debris Burning,1677,02-2005
Debris Burning,2758,03-2005
Debris Burning,3425,04-2005
Debris Burning,1130,05-2005
Debris Burning,642,06-2005
Debris Burning,636,07-2005
Debris Burning,670,08-2005
Debris Burning,1350,09-2005
Debris Burning,1456,10-2005
Debris Burning,1892,11-2005
Debris Burning,1685,12-2005
Debris Burning,2719,01-2006
Debris Burning,2669,02-2006
Debris Burning,6733,03-2006
Debris Burning,4556,04-2006
Debris Burning,1787,05-2006
Debris Burning,1724,06-2006
Debris Burning,1269,07-2006
Debris Burning,866,08-2006
Debris Burning,833,09-2006
Debris Burning,1030,10-2006
Debris Burning,784,11-2006
Debris Burning,981,12-2006
Debris Burning,634,01-2007
Debris Burning,2475,02-2007
Debris Burning,4860,03-2007
Debris Burning,2397,04-2007
Debris Burning,1513,05-2007
Debris Burning,930,06-2007
Debris Burning,682,07-2007
Debris Burning,948,08-2007
Debris Burning,924,09-2007
Debris Burning,1159,10-2007
Debris Burning,1052,11-2007
Debris Burning,1129,12-2007
Debris Burning,1718,01-2008
Debris Burning,2039,02-2008
Debris Burning,2971,03-2008
Debris Burning,2995,04-2008
Debris Burning,1475,05-2008
Debris Burning,1304,06-2008
Debris Burning,1232,07-2008
Debris Burning,892,08-2008
Debris Burning,818,09-2008
Debris Burning,1259,10-2008
Debris Burning,1257,11-2008
Debris Burning,865,12-2008
Debris Burning,2119,01-2009
Debris Burning,3530,02-2009
Debris Burning,4341,03-2009
Debris Burning,2962,04-2009
Debris Burning,1079,05-2009
Debris Burning,874,06-2009
Debris Burning,969,07-2009
Debris Burning,593,08-2009
Debris Burning,551,09-2009
Debris Burning,362,10-2009
Debris Burning,797,11-2009
Debris Burning,226,12-2009
Debris Burning,803,01-2010
Debris Burning,933,02-2010
Debris Burning,3466,03-2010
Debris Burning,3395,04-2010
Debris Burning,1061,05-2010
Debris Burning,746,06-2010
Debris Burning,824,07-2010
Debris Burning,1127,08-2010
Debris Burning,1936,09-2010
Debris Burning,2548,10-2010
Debris Burning,1480,11-2010
Debris Burning,1515,12-2010
Debris Burning,1936,01-2011
Debris Burning,3704,02-2011
Debris Burning,3120,03-2011
Debris Burning,1974,04-2011
Debris Burning,1463,05-2011
Debris Burning,1465,06-2011
Debris Burning,967,07-2011
Debris Burning,1122,08-2011
Debris Burning,1051,09-2011
Debris Burning,1034,10-2011
Debris Burning,1007,11-2011
Debris Burning,681,12-2011
Debris Burning,1713,01-2012
Debris Burning,1461,02-2012
Debris Burning,2791,03-2012
Debris Burning,1956,04-2012
Debris Burning,1304,05-2012
Debris Burning,1299,06-2012
Debris Burning,1009,07-2012
Debris Burning,820,08-2012
Debris Burning,753,09-2012
Debris Burning,1046,10-2012
Debris Burning,1713,11-2012
Debris Burning,748,12-2012
Debris Burning,1420,01-2013
Debris Burning,1457,02-2013
Debris Burning,3474,03-2013
Debris Burning,2535,04-2013
Debris Burning,1514,05-2013
Debris Burning,884,06-2013
Debris Burning,933,07-2013
Debris Burning,830,08-2013
Debris Burning,856,09-2013
Debris Burning,795,10-2013
Debris Burning,1299,11-2013
Debris Burning,706,12-2013
Debris Burning,2473,01-2014
Debris Burning,2081,02-2014
Debris Burning,4383,03-2014
Debris Burning,3729,04-2014
Debris Burning,1441,05-2014
Debris Burning,620,06-2014
Debris Burning,777,07-2014
Debris Burning,826,08-2014
Debris Burning,565,09-2014
Debris Burning,846,10-2014
Debris Burning,1382,11-2014
Debris Burning,737,12-2014
Debris Burning,1753,01-2015
Debris Burning,2179,02-2015
Debris Burning,3512,03-2015
Debris Burning,2797,04-2015
Debris Burning,1612,05-2015
Debris Burning,667,06-2015
Debris Burning,841,07-2015
Debris Burning,1132,08-2015
Debris Burning,1054,09-2015
Debris Burning,1494,10-2015
Debris Burning,921,11-2015
Debris Burning,377,12-2015
Equipment Use,301,01-1992
Equipment Use,294,02-1992
Equipment Use,403,03-1992
Equipment Use,488,04-1992
Equipment Use,906,05-1992
Equipment Use,692,06-1992
Equipment Use,760,07-1992
Equipment Use,648,08-1992
Equipment Use,476,09-1992
Equipment Use,368,10-1992
Equipment Use,158,11-1992
Equipment Use,139,12-1992
Equipment Use,114,01-1993
Equipment Use,282,02-1993
Equipment Use,234,03-1993
Equipment Use,430,04-1993
Equipment Use,610,05-1993
Equipment Use,810,06-1993
Equipment Use,801,07-1993
Equipment Use,724,08-1993
Equipment Use,620,09-1993
Equipment Use,391,10-1993
Equipment Use,307,11-1993
Equipment Use,193,12-1993
Equipment Use,227,01-1994
Equipment Use,269,02-1994
Equipment Use,524,03-1994
Equipment Use,604,04-1994
Equipment Use,663,05-1994
Equipment Use,721,06-1994
Equipment Use,706,07-1994
Equipment Use,626,08-1994
Equipment Use,420,09-1994
Equipment Use,318,10-1994
Equipment Use,243,11-1994
Equipment Use,108,12-1994
Equipment Use,126,01-1995
Equipment Use,295,02-1995
Equipment Use,456,03-1995
Equipment Use,502,04-1995
Equipment Use,522,05-1995
Equipment Use,516,06-1995
Equipment Use,779,07-1995
Equipment Use,760,08-1995
Equipment Use,601,09-1995
Equipment Use,491,10-1995
Equipment Use,296,11-1995
Equipment Use,250,12-1995
Equipment Use,263,01-1996
Equipment Use,520,02-1996
Equipment Use,504,03-1996
Equipment Use,569,04-1996
Equipment Use,661,05-1996
Equipment Use,734,06-1996
Equipment Use,812,07-1996
Equipment Use,696,08-1996
Equipment Use,460,09-1996
Equipment Use,430,10-1996
Equipment Use,245,11-1996
Equipment Use,134,12-1996
Equipment Use,255,01-1997
Equipment Use,327,02-1997
Equipment Use,503,03-1997
Equipment Use,670,04-1997
Equipment Use,647,05-1997
Equipment Use,606,06-1997
Equipment Use,700,07-1997
Equipment Use,613,08-1997
Equipment Use,657,09-1997
Equipment Use,460,10-1997
Equipment Use,190,11-1997
Equipment Use,116,12-1997
Equipment Use,109,01-1998
Equipment Use,203,02-1998
Equipment Use,316,03-1998
Equipment Use,488,04-1998
Equipment Use,483,05-1998
Equipment Use,912,06-1998
Equipment Use,868,07-1998
Equipment Use,881,08-1998
Equipment Use,622,09-1998
Equipment Use,574,10-1998
Equipment Use,322,11-1998
Equipment Use,249,12-1998
Equipment Use,281,01-1999
Equipment Use,433,02-1999
Equipment Use,735,03-1999
Equipment Use,742,04-1999
Equipment Use,619,05-1999
Equipment Use,754,06-1999
Equipment Use,826,07-1999
Equipment Use,939,08-1999
Equipment Use,857,09-1999
Equipment Use,637,10-1999
Equipment Use,510,11-1999
Equipment Use,310,12-1999
Equipment Use,287,01-2000
Equipment Use,345,02-2000
Equipment Use,619,03-2000
Equipment Use,573,04-2000
Equipment Use,800,05-2000
Equipment Use,777,06-2000
Equipment Use,781,07-2000
Equipment Use,795,08-2000
Equipment Use,586,09-2000
Equipment Use,614,10-2000
Equipment Use,217,11-2000
Equipment Use,214,12-2000
Equipment Use,402,01-2001
Equipment Use,392,02-2001
Equipment Use,387,03-2001
Equipment Use,547,04-2001
Equipment Use,769,05-2001
Equipment Use,728,06-2001
Equipment Use,789,07-2001
Equipment Use,694,08-2001
Equipment Use,427,09-2001
Equipment Use,613,10-2001
Equipment Use,655,11-2001
Equipment Use,178,12-2001
Equipment Use,196,01-2002
Equipment Use,477,02-2002
Equipment Use,413,03-2002
Equipment Use,490,04-2002
Equipment Use,621,05-2002
Equipment Use,741,06-2002
Equipment Use,716,07-2002
Equipment Use,659,08-2002
Equipment Use,525,09-2002
Equipment Use,242,10-2002
Equipment Use,182,11-2002
Equipment Use,120,12-2002
Equipment Use,264,01-2003
Equipment Use,225,02-2003
Equipment Use,217,03-2003
Equipment Use,563,04-2003
Equipment Use,463,05-2003
Equipment Use,565,06-2003
Equipment Use,906,07-2003
Equipment Use,728,08-2003
Equipment Use,580,09-2003
Equipment Use,641,10-2003
Equipment Use,270,11-2003
Equipment Use,173,12-2003
Equipment Use,245,01-2004
Equipment Use,180,02-2004
Equipment Use,574,03-2004
Equipment Use,737,04-2004
Equipment Use,735,05-2004
Equipment Use,616,06-2004
Equipment Use,740,07-2004
Equipment Use,581,08-2004
Equipment Use,510,09-2004
Equipment Use,273,10-2004
Equipment Use,176,11-2004
Equipment Use,159,12-2004
Equipment Use,249,01-2005
Equipment Use,238,02-2005
Equipment Use,464,03-2005
Equipment Use,663,04-2005
Equipment Use,557,05-2005
Equipment Use,701,06-2005
Equipment Use,965,07-2005
Equipment Use,855,08-2005
Equipment Use,877,09-2005
Equipment Use,601,10-2005
Equipment Use,600,11-2005
Equipment Use,378,12-2005
Equipment Use,773,01-2006
Equipment Use,594,02-2006
Equipment Use,1000,03-2006
Equipment Use,944,04-2006
Equipment Use,773,05-2006
Equipment Use,1256,06-2006
Equipment Use,1491,07-2006
Equipment Use,1029,08-2006
Equipment Use,613,09-2006
Equipment Use,508,10-2006
Equipment Use,291,11-2006
Equipment Use,297,12-2006
Equipment Use,226,01-2007
Equipment Use,428,02-2007
Equipment Use,677,03-2007
Equipment Use,642,04-2007
Equipment Use,899,05-2007
Equipment Use,768,06-2007
Equipment Use,814,07-2007
Equipment Use,939,08-2007
Equipment Use,586,09-2007
Equipment Use,453,10-2007
Equipment Use,466,11-2007
Equipment Use,332,12-2007
Equipment Use,433,01-2008
Equipment Use,704,02-2008
Equipment Use,665,03-2008
Equipment Use,639,04-2008
Equipment Use,695,05-2008
Equipment Use,1024,06-2008
Equipment Use,942,07-2008
Equipment Use,754,08-2008
Equipment Use,475,09-2008
Equipment Use,504,10-2008
Equipment Use,362,11-2008
Equipment Use,267,12-2008
Equipment Use,491,01-2009
Equipment Use,751,02-2009
Equipment Use,695,03-2009
Equipment Use,715,04-2009
Equipment Use,555,05-2009
Equipment Use,619,06-2009
Equipment Use,862,07-2009
Equipment Use,557,08-2009
Equipment Use,445,09-2009
Equipment Use,188,10-2009
Equipment Use,253,11-2009
Equipment Use,94,12-2009
Equipment Use,179,01-2010
Equipment Use,143,02-2010
Equipment Use,502,03-2010
Equipment Use,658,04-2010
Equipment Use,417,05-2010
Equipment Use,551,06-2010
Equipment Use,638,07-2010
Equipment Use,757,08-2010
Equipment Use,716,09-2010
Equipment Use,660,10-2010
Equipment Use,322,11-2010
Equipment Use,266,12-2010
Equipment Use,316,01-2011
Equipment Use,455,02-2011
Equipment Use,488,03-2011
Equipment Use,548,04-2011
Equipment Use,625,05-2011
Equipment Use,861,06-2011
Equipment Use,951,07-2011
Equipment Use,1044,08-2011
Equipment Use,769,09-2011
Equipment Use,503,10-2011
Equipment Use,209,11-2011
Equipment Use,127,12-2011
Equipment Use,258,01-2012
Equipment Use,220,02-2012
Equipment Use,424,03-2012
Equipment Use,541,04-2012
Equipment Use,604,05-2012
Equipment Use,793,06-2012
Equipment Use,865,07-2012
Equipment Use,658,08-2012
Equipment Use,496,09-2012
Equipment Use,330,10-2012
Equipment Use,306,11-2012
Equipment Use,133,12-2012
Equipment Use,198,01-2013
Equipment Use,190,02-2013
Equipment Use,361,03-2013
Equipment Use,490,04-2013
Equipment Use,586,05-2013
Equipment Use,483,06-2013
Equipment Use,605,07-2013
Equipment Use,461,08-2013
Equipment Use,346,09-2013
Equipment Use,219,10-2013
Equipment Use,289,11-2013
Equipment Use,106,12-2013
Equipment Use,349,01-2014
Equipment Use,246,02-2014
Equipment Use,427,03-2014
Equipment Use,544,04-2014
Equipment Use,508,05-2014
Equipment Use,487,06-2014
Equipment Use,573,07-2014
Equipment Use,445,08-2014
Equipment Use,300,09-2014
Equipment Use,255,10-2014
Equipment Use,273,11-2014
Equipment Use,112,12-2014
Equipment Use,298,01-2015
Equipment Use,248,02-2015
Equipment Use,462,03-2015
Equipment Use,646,04-2015
Equipment Use,516,05-2015
Equipment Use,470,06-2015
Equipment Use,616,07-2015
Equipment Use,678,08-2015
Equipment Use,591,09-2015
Equipment Use,593,10-2015
Equipment Use,257,11-2015
Equipment Use,109,12-2015
Fireworks,1,01-1992
Fireworks,3,02-1992
Fireworks,3,03-1992
Fireworks,7,04-1992
Fireworks,16,05-1992
Fireworks,49,06-1992
Fireworks,90,07-1992
Fireworks,11,08-1992
Fireworks,2,09-1992
Fireworks,11,10-1992
Fireworks,20,11-1992
Fireworks,0,12-1992
Fireworks,7,01-1993
Fireworks,6,02-1993
Fireworks,2,03-1993
Fireworks,3,04-1993
Fireworks,10,05-1993
Fireworks,43,06-1993
Fireworks,137,07-1993
Fireworks,6,08-1993
Fireworks,7,09-1993
Fireworks,8,10-1993
Fireworks,12,11-1993
Fireworks,2,12-1993
Fireworks,1,01-1994
Fireworks,0,02-1994
Fireworks,3,03-1994
Fireworks,11,04-1994
Fireworks,10,05-1994
Fireworks,92,06-1994
Fireworks,222,07-1994
Fireworks,9,08-1994
Fireworks,4,09-1994
Fireworks,23,10-1994
Fireworks,35,11-1994
Fireworks,3,12-1994
Fireworks,0,01-1995
Fireworks,2,02-1995
Fireworks,9,03-1995
Fireworks,18,04-1995
Fireworks,7,05-1995
Fireworks,29,06-1995
Fireworks,104,07-1995
Fireworks,13,08-1995
Fireworks,8,09-1995
Fireworks,5,10-1995
Fireworks,6,11-1995
Fireworks,1,12-1995
Fireworks,0,01-1996
Fireworks,0,02-1996
Fireworks,3,03-1996
Fireworks,14,04-1996
Fireworks,7,05-1996
Fireworks,41,06-1996
Fireworks,207,07-1996
Fireworks,20,08-1996
Fireworks,6,09-1996
Fireworks,13,10-1996
Fireworks,9,11-1996
Fireworks,2,12-1996
Fireworks,2,01-1997
Fireworks,1,02-1997
Fireworks,5,03-1997
Fireworks,21,04-1997
Fireworks,16,05-1997
Fireworks,44,06-1997
Fireworks,160,07-1997
Fireworks,12,08-1997
Fireworks,1,09-1997
Fireworks,6,10-1997
Fireworks,5,11-1997
Fireworks,3,12-1997
Fireworks,1,01-1998
Fireworks,0,02-1998
Fireworks,17,03-1998
Fireworks,17,04-1998
Fireworks,21,05-1998
Fireworks,58,06-1998
Fireworks,119,07-1998
Fireworks,17,08-1998
Fireworks,11,09-1998
Fireworks,12,10-1998
Fireworks,27,11-1998
Fireworks,6,12-1998
Fireworks,3,01-1999
Fireworks,4,02-1999
Fireworks,18,03-1999
Fireworks,17,04-1999
Fireworks,9,05-1999
Fireworks,57,06-1999
Fireworks,140,07-1999
Fireworks,6,08-1999
Fireworks,7,09-1999
Fireworks,9,10-1999
Fireworks,44,11-1999
Fireworks,16,12-1999
Fireworks,17,01-2000
Fireworks,3,02-2000
Fireworks,9,03-2000
Fireworks,17,04-2000
Fireworks,10,05-2000
Fireworks,53,06-2000
Fireworks,149,07-2000
Fireworks,15,08-2000
Fireworks,1,09-2000
Fireworks,17,10-2000
Fireworks,1,11-2000
Fireworks,0,12-2000
Fireworks,3,01-2001
Fireworks,6,02-2001
Fireworks,1,03-2001
Fireworks,26,04-2001
Fireworks,18,05-2001
Fireworks,56,06-2001
Fireworks,209,07-2001
Fireworks,20,08-2001
Fireworks,9,09-2001
Fireworks,30,10-2001
Fireworks,43,11-2001
Fireworks,5,12-2001
Fireworks,6,01-2002
Fireworks,6,02-2002
Fireworks,10,03-2002
Fireworks,22,04-2002
Fireworks,18,05-2002
Fireworks,101,06-2002
Fireworks,235,07-2002
Fireworks,16,08-2002
Fireworks,14,09-2002
Fireworks,2,10-2002
Fireworks,1,11-2002
Fireworks,2,12-2002
Fireworks,3,01-2003
Fireworks,2,02-2003
Fireworks,10,03-2003
Fireworks,7,04-2003
Fireworks,1,05-2003
Fireworks,50,06-2003
Fireworks,325,07-2003
Fireworks,25,08-2003
Fireworks,7,09-2003
Fireworks,6,10-2003
Fireworks,7,11-2003
Fireworks,1,12-2003
Fireworks,2,01-2004
Fireworks,5,02-2004
Fireworks,6,03-2004
Fireworks,7,04-2004
Fireworks,7,05-2004
Fireworks,167,06-2004
Fireworks,202,07-2004
Fireworks,13,08-2004
Fireworks,3,09-2004
Fireworks,1,10-2004
Fireworks,6,11-2004
Fireworks,1,12-2004
Fireworks,0,01-2005
Fireworks,1,02-2005
Fireworks,5,03-2005
Fireworks,24,04-2005
Fireworks,9,05-2005
Fireworks,70,06-2005
Fireworks,369,07-2005
Fireworks,26,08-2005
Fireworks,9,09-2005
Fireworks,5,10-2005
Fireworks,21,11-2005
Fireworks,4,12-2005
Fireworks,3,01-2006
Fireworks,2,02-2006
Fireworks,1,03-2006
Fireworks,5,04-2006
Fireworks,14,05-2006
Fireworks,409,06-2006
Fireworks,548,07-2006
Fireworks,18,08-2006
Fireworks,7,09-2006
Fireworks,0,10-2006
Fireworks,1,11-2006
Fireworks,1,12-2006
Fireworks,1,01-2007
Fireworks,5,02-2007
Fireworks,9,03-2007
Fireworks,10,04-2007
Fireworks,5,05-2007
Fireworks,277,06-2007
Fireworks,361,07-2007
Fireworks,12,08-2007
Fireworks,6,09-2007
Fireworks,2,10-2007
Fireworks,0,11-2007
Fireworks,1,12-2007
Fireworks,2,01-2008
Fireworks,1,02-2008
Fireworks,3,03-2008
Fireworks,6,04-2008
Fireworks,9,05-2008
Fireworks,76,06-2008
Fireworks,293,07-2008
Fireworks,12,08-2008
Fireworks,8,09-2008
Fireworks,2,10-2008
Fireworks,0,11-2008
Fireworks,3,12-2008
Fireworks,14,01-2009
Fireworks,12,02-2009
Fireworks,26,03-2009
Fireworks,19,04-2009
Fireworks,31,05-2009
Fireworks,77,06-2009
Fireworks,400,07-2009
Fireworks,18,08-2009
Fireworks,13,09-2009
Fireworks,3,10-2009
Fireworks,19,11-2009
Fireworks,2,12-2009
Fireworks,9,01-2010
Fireworks,4,02-2010
Fireworks,24,03-2010
Fireworks,56,04-2010
Fireworks,32,05-2010
Fireworks,82,06-2010
Fireworks,342,07-2010
Fireworks,24,08-2010
Fireworks,21,09-2010
Fireworks,37,10-2010
Fireworks,21,11-2010
Fireworks,14,12-2010
Fireworks,31,01-2011
Fireworks,10,02-2011
Fireworks,7,03-2011
Fireworks,13,04-2011
Fireworks,12,05-2011
Fireworks,37,06-2011
Fireworks,268,07-2011
Fireworks,32,08-2011
Fireworks,14,09-2011
Fireworks,2,10-2011
Fireworks,18,11-2011
Fireworks,7,12-2011
Fireworks,26,01-2012
Fireworks,7,02-2012
Fireworks,15,03-2012
Fireworks,30,04-2012
Fireworks,15,05-2012
Fireworks,193,06-2012
Fireworks,532,07-2012
Fireworks,33,08-2012
Fireworks,20,09-2012
Fireworks,10,10-2012
Fireworks,20,11-2012
Fireworks,9,12-2012
Fireworks,17,01-2013
Fireworks,14,02-2013
Fireworks,46,03-2013
Fireworks,42,04-2013
Fireworks,28,05-2013
Fireworks,69,06-2013
Fireworks,350,07-2013
Fireworks,63,08-2013
Fireworks,50,09-2013
Fireworks,5,10-2013
Fireworks,19,11-2013
Fireworks,6,12-2013
Fireworks,17,01-2014
Fireworks,13,02-2014
Fireworks,25,03-2014
Fireworks,32,04-2014
Fireworks,25,05-2014
Fireworks,66,06-2014
Fireworks,354,07-2014
Fireworks,13,08-2014
Fireworks,10,09-2014
Fireworks,4,10-2014
Fireworks,11,11-2014
Fireworks,2,12-2014
Fireworks,17,01-2015
Fireworks,10,02-2015
Fireworks,24,03-2015
Fireworks,25,04-2015
Fireworks,24,05-2015
Fireworks,78,06-2015
Fireworks,330,07-2015
Fireworks,27,08-2015
Fireworks,15,09-2015
Fireworks,6,10-2015
Fireworks,27,11-2015
Fireworks,2,12-2015
Lightning,4,01-1992
Lightning,10,02-1992
Lightning,47,03-1992
Lightning,117,04-1992
Lightning,1088,05-1992
Lightning,3076,06-1992
Lightning,2935,07-1992
Lightning,3739,08-1992
Lightning,935,09-1992
Lightning,266,10-1992
Lightning,11,11-1992
Lightning,2,12-1992
Lightning,2,01-1993
Lightning,10,02-1993
Lightning,28,03-1993
Lightning,43,04-1993
Lightning,702,05-1993
Lightning,1400,06-1993
Lightning,1654,07-1993
Lightning,2790,08-1993
Lightning,608,09-1993
Lightning,276,10-1993
Lightning,22,11-1993
Lightning,3,12-1993
Lightning,6,01-1994
Lightning,8,02-1994
Lightning,48,03-1994
Lightning,302,04-1994
Lightning,725,05-1994
Lightning,1566,06-1994
Lightning,6296,07-1994
Lightning,4815,08-1994
Lightning,2256,09-1994
Lightning,171,10-1994
Lightning,11,11-1994
Lightning,1,12-1994
Lightning,4,01-1995
Lightning,11,02-1995
Lightning,53,03-1995
Lightning,67,04-1995
Lightning,330,05-1995
Lightning,1201,06-1995
Lightning,2765,07-1995
Lightning,1669,08-1995
Lightning,1898,09-1995
Lightning,49,10-1995
Lightning,14,11-1995
Lightning,14,12-1995
Lightning,8,01-1996
Lightning,14,02-1996
Lightning,32,03-1996
Lightning,96,04-1996
Lightning,265,05-1996
Lightning,1866,06-1996
Lightning,4059,07-1996
Lightning,4892,08-1996
Lightning,1197,09-1996
Lightning,189,10-1996
Lightning,13,11-1996
Lightning,3,12-1996
Lightning,21,01-1997
Lightning,16,02-1997
Lightning,60,03-1997
Lightning,94,04-1997
Lightning,889,05-1997
Lightning,938,06-1997
Lightning,3035,07-1997
Lightning,2159,08-1997
Lightning,1145,09-1997
Lightning,69,10-1997
Lightning,16,11-1997
Lightning,5,12-1997
Lightning,9,01-1998
Lightning,20,02-1998
Lightning,25,03-1998
Lightning,85,04-1998
Lightning,309,05-1998
Lightning,1560,06-1998
Lightning,4101,07-1998
Lightning,3338,08-1998
Lightning,1303,09-1998
Lightning,105,10-1998
Lightning,18,11-1998
Lightning,7,12-1998
Lightning,18,01-1999
Lightning,40,02-1999
Lightning,81,03-1999
Lightning,371,04-1999
Lightning,1001,05-1999
Lightning,1450,06-1999
Lightning,2340,07-1999
Lightning,5359,08-1999
Lightning,975,09-1999
Lightning,90,10-1999
Lightning,56,11-1999
Lightning,16,12-1999
Lightning,25,01-2000
Lightning,76,02-2000
Lightning,150,03-2000
Lightning,158,04-2000
Lightning,678,05-2000
Lightning,2893,06-2000
Lightning,4682,07-2000
Lightning,6317,08-2000
Lightning,1301,09-2000
Lightning,243,10-2000
Lightning,14,11-2000
Lightning,10,12-2000
Lightning,15,01-2001
Lightning,25,02-2001
Lightning,95,03-2001
Lightning,212,04-2001
Lightning,899,05-2001
Lightning,2023,06-2001
Lightning,4838,07-2001
Lightning,3539,08-2001
Lightning,1922,09-2001
Lightning,194,10-2001
Lightning,46,11-2001
Lightning,17,12-2001
Lightning,39,01-2002
Lightning,55,02-2002
Lightning,110,03-2002
Lightning,462,04-2002
Lightning,560,05-2002
Lightning,1772,06-2002
Lightning,5410,07-2002
Lightning,3127,08-2002
Lightning,721,09-2002
Lightning,132,10-2002
Lightning,56,11-2002
Lightning,21,12-2002
Lightning,10,01-2003
Lightning,6,02-2003
Lightning,52,03-2003
Lightning,185,04-2003
Lightning,760,05-2003
Lightning,1617,06-2003
Lightning,4571,07-2003
Lightning,4985,08-2003
Lightning,1398,09-2003
Lightning,194,10-2003
Lightning,43,11-2003
Lightning,7,12-2003
Lightning,6,01-2004
Lightning,10,02-2004
Lightning,86,03-2004
Lightning,211,04-2004
Lightning,401,05-2004
Lightning,2992,06-2004
Lightning,3806,07-2004
Lightning,3503,08-2004
Lightning,519,09-2004
Lightning,152,10-2004
Lightning,36,11-2004
Lightning,4,12-2004
Lightning,133,01-2005
Lightning,56,02-2005
Lightning,254,03-2005
Lightning,374,04-2005
Lightning,598,05-2005
Lightning,1450,06-2005
Lightning,3068,07-2005
Lightning,2966,08-2005
Lightning,1238,09-2005
Lightning,520,10-2005
Lightning,262,11-2005
Lightning,184,12-2005
Lightning,99,01-2006
Lightning,36,02-2006
Lightning,156,03-2006
Lightning,534,04-2006
Lightning,1309,05-2006
Lightning,2924,06-2006
Lightning,6091,07-2006
Lightning,4714,08-2006
Lightning,854,09-2006
Lightning,198,10-2006
Lightning,22,11-2006
Lightning,12,12-2006
Lightning,5,01-2007
Lightning,39,02-2007
Lightning,94,03-2007
Lightning,201,04-2007
Lightning,1099,05-2007
Lightning,1699,06-2007
Lightning,5225,07-2007
Lightning,2947,08-2007
Lightning,1143,09-2007
Lightning,200,10-2007
Lightning,48,11-2007
Lightning,11,12-2007
Lightning,25,01-2008
Lightning,32,02-2008
Lightning,64,03-2008
Lightning,271,04-2008
Lightning,340,05-2008
Lightning,2890,06-2008
Lightning,2549,07-2008
Lightning,3069,08-2008
Lightning,502,09-2008
Lightning,105,10-2008
Lightning,43,11-2008
Lightning,14,12-2008
Lightning,16,01-2009
Lightning,25,02-2009
Lightning,129,03-2009
Lightning,360,04-2009
Lightning,964,05-2009
Lightning,1253,06-2009
Lightning,3511,07-2009
Lightning,2740,08-2009
Lightning,1336,09-2009
Lightning,78,10-2009
Lightning,25,11-2009
Lightning,12,12-2009
Lightning,70,01-2010
Lightning,74,02-2010
Lightning,240,03-2010
Lightning,375,04-2010
Lightning,590,05-2010
Lightning,1386,06-2010
Lightning,2909,07-2010
Lightning,2295,08-2010
Lightning,527,09-2010
Lightning,437,10-2010
Lightning,61,11-2010
Lightning,19,12-2010
Lightning,25,01-2011
Lightning,16,02-2011
Lightning,93,03-2011
Lightning,413,04-2011
Lightning,686,05-2011
Lightning,2042,06-2011
Lightning,2909,07-2011
Lightning,4252,08-2011
Lightning,1776,09-2011
Lightning,250,10-2011
Lightning,64,11-2011
Lightning,12,12-2011
Lightning,20,01-2012
Lightning,36,02-2012
Lightning,261,03-2012
Lightning,383,04-2012
Lightning,673,05-2012
Lightning,1007,06-2012
Lightning,4448,07-2012
Lightning,3272,08-2012
Lightning,830,09-2012
Lightning,128,10-2012
Lightning,50,11-2012
Lightning,22,12-2012
Lightning,16,01-2013
Lightning,20,02-2013
Lightning,107,03-2013
Lightning,166,04-2013
Lightning,610,05-2013
Lightning,1132,06-2013
Lightning,2655,07-2013
Lightning,4184,08-2013
Lightning,1189,09-2013
Lightning,54,10-2013
Lightning,18,11-2013
Lightning,3,12-2013
Lightning,15,01-2014
Lightning,19,02-2014
Lightning,60,03-2014
Lightning,246,04-2014
Lightning,406,05-2014
Lightning,702,06-2014
Lightning,3731,07-2014
Lightning,2800,08-2014
Lightning,420,09-2014
Lightning,94,10-2014
Lightning,36,11-2014
Lightning,9,12-2014
Lightning,13,01-2015
Lightning,12,02-2015
Lightning,44,03-2015
Lightning,320,04-2015
Lightning,802,05-2015
Lightning,2158,06-2015
Lightning,3077,07-2015
Lightning,2633,08-2015
Lightning,488,09-2015
Lightning,207,10-2015
Lightning,47,11-2015
Lightning,11,12-2015
Miscellaneous,297,01-1992
Miscellaneous,418,02-1992
Miscellaneous,466,03-1992
Miscellaneous,673,04-1992
Miscellaneous,1139,05-1992
Miscellaneous,978,06-1992
Miscellaneous,1138,07-1992
Miscellaneous,806,08-1992
Miscellaneous,582,09-1992
Miscellaneous,477,10-1992
Miscellaneous,243,11-1992
Miscellaneous,147,12-1992
Miscellaneous,94,01-1993
Miscellaneous,257,02-1993
Miscellaneous,361,03-1993
Miscellaneous,686,04-1993
Miscellaneous,968,05-1993
Miscellaneous,786,06-1993
Miscellaneous,1208,07-1993
Miscellaneous,810,08-1993
Miscellaneous,647,09-1993
Miscellaneous,450,10-1993
Miscellaneous,401,11-1993
Miscellaneous,179,12-1993
Miscellaneous,274,01-1994
Miscellaneous,309,02-1994
Miscellaneous,617,03-1994
Miscellaneous,907,04-1994
Miscellaneous,821,05-1994
Miscellaneous,890,06-1994
Miscellaneous,1084,07-1994
Miscellaneous,763,08-1994
Miscellaneous,531,09-1994
Miscellaneous,376,10-1994
Miscellaneous,324,11-1994
Miscellaneous,175,12-1994
Miscellaneous,129,01-1995
Miscellaneous,426,02-1995
Miscellaneous,556,03-1995
Miscellaneous,874,04-1995
Miscellaneous,673,05-1995
Miscellaneous,881,06-1995
Miscellaneous,1054,07-1995
Miscellaneous,791,08-1995
Miscellaneous,696,09-1995
Miscellaneous,554,10-1995
Miscellaneous,369,11-1995
Miscellaneous,294,12-1995
Miscellaneous,257,01-1996
Miscellaneous,600,02-1996
Miscellaneous,609,03-1996
Miscellaneous,797,04-1996
Miscellaneous,814,05-1996
Miscellaneous,715,06-1996
Miscellaneous,1155,07-1996
Miscellaneous,792,08-1996
Miscellaneous,491,09-1996
Miscellaneous,480,10-1996
Miscellaneous,257,11-1996
Miscellaneous,148,12-1996
Miscellaneous,615,01-1997
Miscellaneous,653,02-1997
Miscellaneous,1629,03-1997
Miscellaneous,1478,04-1997
Miscellaneous,1107,05-1997
Miscellaneous,668,06-1997
Miscellaneous,977,07-1997
Miscellaneous,693,08-1997
Miscellaneous,750,09-1997
Miscellaneous,559,10-1997
Miscellaneous,284,11-1997
Miscellaneous,250,12-1997
Miscellaneous,166,01-1998
Miscellaneous,379,02-1998
Miscellaneous,880,03-1998
Miscellaneous,1003,04-1998
Miscellaneous,734,05-1998
Miscellaneous,1075,06-1998
Miscellaneous,1476,07-1998
Miscellaneous,1243,08-1998
Miscellaneous,937,09-1998
Miscellaneous,718,10-1998
Miscellaneous,443,11-1998
Miscellaneous,280,12-1998
Miscellaneous,461,01-1999
Miscellaneous,768,02-1999
Miscellaneous,1139,03-1999
Miscellaneous,1209,04-1999
Miscellaneous,938,05-1999
Miscellaneous,877,06-1999
Miscellaneous,1140,07-1999
Miscellaneous,1401,08-1999
Miscellaneous,1544,09-1999
Miscellaneous,1114,10-1999
Miscellaneous,1140,11-1999
Miscellaneous,677,12-1999
Miscellaneous,1563,01-2000
Miscellaneous,3196,02-2000
Miscellaneous,2269,03-2000
Miscellaneous,1610,04-2000
Miscellaneous,1685,05-2000
Miscellaneous,1352,06-2000
Miscellaneous,1874,07-2000
Miscellaneous,1868,08-2000
Miscellaneous,1469,09-2000
Miscellaneous,1214,10-2000
Miscellaneous,534,11-2000
Miscellaneous,403,12-2000
Miscellaneous,622,01-2001
Miscellaneous,746,02-2001
Miscellaneous,866,03-2001
Miscellaneous,1423,04-2001
Miscellaneous,1512,05-2001
Miscellaneous,1097,06-2001
Miscellaneous,1279,07-2001
Miscellaneous,1048,08-2001
Miscellaneous,658,09-2001
Miscellaneous,1044,10-2001
Miscellaneous,1370,11-2001
Miscellaneous,373,12-2001
Miscellaneous,578,01-2002
Miscellaneous,1324,02-2002
Miscellaneous,1103,03-2002
Miscellaneous,1437,04-2002
Miscellaneous,1594,05-2002
Miscellaneous,1087,06-2002
Miscellaneous,1436,07-2002
Miscellaneous,1341,08-2002
Miscellaneous,1024,09-2002
Miscellaneous,551,10-2002
Miscellaneous,632,11-2002
Miscellaneous,317,12-2002
Miscellaneous,538,01-2003
Miscellaneous,283,02-2003
Miscellaneous,638,03-2003
Miscellaneous,2279,04-2003
Miscellaneous,1125,05-2003
Miscellaneous,981,06-2003
Miscellaneous,1679,07-2003
Miscellaneous,994,08-2003
Miscellaneous,738,09-2003
Miscellaneous,824,10-2003
Miscellaneous,630,11-2003
Miscellaneous,389,12-2003
Miscellaneous,418,01-2004
Miscellaneous,410,02-2004
Miscellaneous,1320,03-2004
Miscellaneous,1935,04-2004
Miscellaneous,1068,05-2004
Miscellaneous,1039,06-2004
Miscellaneous,1167,07-2004
Miscellaneous,825,08-2004
Miscellaneous,712,09-2004
Miscellaneous,466,10-2004
Miscellaneous,600,11-2004
Miscellaneous,340,12-2004
Miscellaneous,411,01-2005
Miscellaneous,394,02-2005
Miscellaneous,915,03-2005
Miscellaneous,3376,04-2005
Miscellaneous,1516,05-2005
Miscellaneous,1472,06-2005
Miscellaneous,1819,07-2005
Miscellaneous,1661,08-2005
Miscellaneous,1555,09-2005
Miscellaneous,906,10-2005
Miscellaneous,1244,11-2005
Miscellaneous,1101,12-2005
Miscellaneous,2318,01-2006
Miscellaneous,1556,02-2006
Miscellaneous,3273,03-2006
Miscellaneous,3554,04-2006
Miscellaneous,1894,05-2006
Miscellaneous,1809,06-2006
Miscellaneous,2363,07-2006
Miscellaneous,1798,08-2006
Miscellaneous,1000,09-2006
Miscellaneous,929,10-2006
Miscellaneous,683,11-2006
Miscellaneous,669,12-2006
Miscellaneous,518,01-2007
Miscellaneous,924,02-2007
Miscellaneous,1508,03-2007
Miscellaneous,2059,04-2007
Miscellaneous,2466,05-2007
Miscellaneous,1984,06-2007
Miscellaneous,2166,07-2007
Miscellaneous,1831,08-2007
Miscellaneous,1519,09-2007
Miscellaneous,1101,10-2007
Miscellaneous,998,11-2007
Miscellaneous,819,12-2007
Miscellaneous,1767,01-2008
Miscellaneous,1700,02-2008
Miscellaneous,1865,03-2008
Miscellaneous,3196,04-2008
Miscellaneous,2075,05-2008
Miscellaneous,2193,06-2008
Miscellaneous,2336,07-2008
Miscellaneous,1543,08-2008
Miscellaneous,1060,09-2008
Miscellaneous,1107,10-2008
Miscellaneous,1110,11-2008
Miscellaneous,725,12-2008
Miscellaneous,1194,01-2009
Miscellaneous,1463,02-2009
Miscellaneous,2169,03-2009
Miscellaneous,2798,04-2009
Miscellaneous,1462,05-2009
Miscellaneous,1143,06-2009
Miscellaneous,1891,07-2009
Miscellaneous,1197,08-2009
Miscellaneous,939,09-2009
Miscellaneous,471,10-2009
Miscellaneous,743,11-2009
Miscellaneous,227,12-2009
Miscellaneous,497,01-2010
Miscellaneous,382,02-2010
Miscellaneous,1453,03-2010
Miscellaneous,2373,04-2010
Miscellaneous,1399,05-2010
Miscellaneous,1435,06-2010
Miscellaneous,2159,07-2010
Miscellaneous,1732,08-2010
Miscellaneous,1690,09-2010
Miscellaneous,1686,10-2010
Miscellaneous,1268,11-2010
Miscellaneous,1147,12-2010
Miscellaneous,933,01-2011
Miscellaneous,1311,02-2011
Miscellaneous,1609,03-2011
Miscellaneous,1875,04-2011
Miscellaneous,1527,05-2011
Miscellaneous,1879,06-2011
Miscellaneous,2174,07-2011
Miscellaneous,1920,08-2011
Miscellaneous,1829,09-2011
Miscellaneous,1093,10-2011
Miscellaneous,941,11-2011
Miscellaneous,538,12-2011
Miscellaneous,950,01-2012
Miscellaneous,852,02-2012
Miscellaneous,1884,03-2012
Miscellaneous,2051,04-2012
Miscellaneous,1290,05-2012
Miscellaneous,1681,06-2012
Miscellaneous,2480,07-2012
Miscellaneous,1482,08-2012
Miscellaneous,1195,09-2012
Miscellaneous,912,10-2012
Miscellaneous,1011,11-2012
Miscellaneous,435,12-2012
Miscellaneous,750,01-2013
Miscellaneous,726,02-2013
Miscellaneous,1987,03-2013
Miscellaneous,1820,04-2013
Miscellaneous,1988,05-2013
Miscellaneous,1592,06-2013
Miscellaneous,1897,07-2013
Miscellaneous,1288,08-2013
Miscellaneous,948,09-2013
Miscellaneous,703,10-2013
Miscellaneous,1054,11-2013
Miscellaneous,408,12-2013
Miscellaneous,1423,01-2014
Miscellaneous,859,02-2014
Miscellaneous,1886,03-2014
Miscellaneous,2227,04-2014
Miscellaneous,1532,05-2014
Miscellaneous,1136,06-2014
Miscellaneous,1400,07-2014
Miscellaneous,1187,08-2014
Miscellaneous,836,09-2014
Miscellaneous,872,10-2014
Miscellaneous,1135,11-2014
Miscellaneous,480,12-2014
Miscellaneous,1030,01-2015
Miscellaneous,1216,02-2015
Miscellaneous,1856,03-2015
Miscellaneous,2098,04-2015
Miscellaneous,2194,05-2015
Miscellaneous,1208,06-2015
Miscellaneous,1711,07-2015
Miscellaneous,1881,08-2015
Miscellaneous,1609,09-2015
Miscellaneous,1779,10-2015
Miscellaneous,1023,11-2015
Miscellaneous,514,12-2015
Missing/Undefined,709,01-1992
Missing/Undefined,1590,02-1992
Missing/Undefined,1900,03-1992
Missing/Undefined,1186,04-1992
Missing/Undefined,480,05-1992
Missing/Undefined,410,06-1992
Missing/Undefined,636,07-1992
Missing/Undefined,544,08-1992
Missing/Undefined,229,09-1992
Missing/Undefined,329,10-1992
Missing/Undefined,171,11-1992
Missing/Undefined,182,12-1992
Missing/Undefined,328,01-1993
Missing/Undefined,653,02-1993
Missing/Undefined,1475,03-1993
Missing/Undefined,967,04-1993
Missing/Undefined,468,05-1993
Missing/Undefined,800,06-1993
Missing/Undefined,1507,07-1993
Missing/Undefined,757,08-1993
Missing/Undefined,489,09-1993
Missing/Undefined,313,10-1993
Missing/Undefined,507,11-1993
Missing/Undefined,562,12-1993
Missing/Undefined,720,01-1994
Missing/Undefined,1241,02-1994
Missing/Undefined,1980,03-1994
Missing/Undefined,1225,04-1994
Missing/Undefined,932,05-1994
Missing/Undefined,694,06-1994
Missing/Undefined,1335,07-1994
Missing/Undefined,886,08-1994
Missing/Undefined,380,09-1994
Missing/Undefined,370,10-1994
Missing/Undefined,229,11-1994
Missing/Undefined,191,12-1994
Missing/Undefined,162,01-1995
Missing/Undefined,877,02-1995
Missing/Undefined,1578,03-1995
Missing/Undefined,1341,04-1995
Missing/Undefined,768,05-1995
Missing/Undefined,404,06-1995
Missing/Undefined,751,07-1995
Missing/Undefined,687,08-1995
Missing/Undefined,491,09-1995
Missing/Undefined,408,10-1995
Missing/Undefined,468,11-1995
Missing/Undefined,425,12-1995
Missing/Undefined,453,01-1996
Missing/Undefined,2210,02-1996
Missing/Undefined,1702,03-1996
Missing/Undefined,1582,04-1996
Missing/Undefined,593,05-1996
Missing/Undefined,640,06-1996
Missing/Undefined,789,07-1996
Missing/Undefined,603,08-1996
Missing/Undefined,324,09-1996
Missing/Undefined,367,10-1996
Missing/Undefined,167,11-1996
Missing/Undefined,334,12-1996
Missing/Undefined,36,01-1997
Missing/Undefined,27,02-1997
Missing/Undefined,138,03-1997
Missing/Undefined,260,04-1997
Missing/Undefined,183,05-1997
Missing/Undefined,227,06-1997
Missing/Undefined,380,07-1997
Missing/Undefined,345,08-1997
Missing/Undefined,109,09-1997
Missing/Undefined,67,10-1997
Missing/Undefined,22,11-1997
Missing/Undefined,22,12-1997
Missing/Undefined,29,01-1998
Missing/Undefined,28,02-1998
Missing/Undefined,108,03-1998
Missing/Undefined,333,04-1998
Missing/Undefined,202,05-1998
Missing/Undefined,192,06-1998
Missing/Undefined,429,07-1998
Missing/Undefined,408,08-1998
Missing/Undefined,207,09-1998
Missing/Undefined,85,10-1998
Missing/Undefined,25,11-1998
Missing/Undefined,33,12-1998
Missing/Undefined,22,01-1999
Missing/Undefined,46,02-1999
Missing/Undefined,106,03-1999
Missing/Undefined,354,04-1999
Missing/Undefined,208,05-1999
Missing/Undefined,293,06-1999
Missing/Undefined,397,07-1999
Missing/Undefined,551,08-1999
Missing/Undefined,197,09-1999
Missing/Undefined,177,10-1999
Missing/Undefined,127,11-1999
Missing/Undefined,31,12-1999
Missing/Undefined,25,01-2000
Missing/Undefined,18,02-2000
Missing/Undefined,86,03-2000
Missing/Undefined,166,04-2000
Missing/Undefined,106,05-2000
Missing/Undefined,155,06-2000
Missing/Undefined,281,07-2000
Missing/Undefined,335,08-2000
Missing/Undefined,155,09-2000
Missing/Undefined,73,10-2000
Missing/Undefined,13,11-2000
Missing/Undefined,10,12-2000
Missing/Undefined,33,01-2001
Missing/Undefined,42,02-2001
Missing/Undefined,70,03-2001
Missing/Undefined,308,04-2001
Missing/Undefined,359,05-2001
Missing/Undefined,227,06-2001
Missing/Undefined,399,07-2001
Missing/Undefined,486,08-2001
Missing/Undefined,319,09-2001
Missing/Undefined,145,10-2001
Missing/Undefined,121,11-2001
Missing/Undefined,51,12-2001
Missing/Undefined,65,01-2002
Missing/Undefined,39,02-2002
Missing/Undefined,88,03-2002
Missing/Undefined,183,04-2002
Missing/Undefined,233,05-2002
Missing/Undefined,187,06-2002
Missing/Undefined,363,07-2002
Missing/Undefined,429,08-2002
Missing/Undefined,243,09-2002
Missing/Undefined,94,10-2002
Missing/Undefined,41,11-2002
Missing/Undefined,87,12-2002
Missing/Undefined,623,01-2003
Missing/Undefined,654,02-2003
Missing/Undefined,2356,03-2003
Missing/Undefined,454,04-2003
Missing/Undefined,420,05-2003
Missing/Undefined,520,06-2003
Missing/Undefined,842,07-2003
Missing/Undefined,626,08-2003
Missing/Undefined,271,09-2003
Missing/Undefined,390,10-2003
Missing/Undefined,263,11-2003
Missing/Undefined,120,12-2003
Missing/Undefined,181,01-2004
Missing/Undefined,875,02-2004
Missing/Undefined,1173,03-2004
Missing/Undefined,712,04-2004
Missing/Undefined,459,05-2004
Missing/Undefined,528,06-2004
Missing/Undefined,714,07-2004
Missing/Undefined,437,08-2004
Missing/Undefined,216,09-2004
Missing/Undefined,221,10-2004
Missing/Undefined,275,11-2004
Missing/Undefined,235,12-2004
Missing/Undefined,569,01-2005
Missing/Undefined,1561,02-2005
Missing/Undefined,3245,03-2005
Missing/Undefined,1099,04-2005
Missing/Undefined,512,05-2005
Missing/Undefined,549,06-2005
Missing/Undefined,1011,07-2005
Missing/Undefined,664,08-2005
Missing/Undefined,561,09-2005
Missing/Undefined,454,10-2005
Missing/Undefined,1077,11-2005
Missing/Undefined,625,12-2005
Missing/Undefined,1100,01-2006
Missing/Undefined,1430,02-2006
Missing/Undefined,1793,03-2006
Missing/Undefined,1097,04-2006
Missing/Undefined,450,05-2006
Missing/Undefined,524,06-2006
Missing/Undefined,846,07-2006
Missing/Undefined,780,08-2006
Missing/Undefined,345,09-2006
Missing/Undefined,274,10-2006
Missing/Undefined,423,11-2006
Missing/Undefined,507,12-2006
Missing/Undefined,1232,01-2007
Missing/Undefined,2651,02-2007
Missing/Undefined,2808,03-2007
Missing/Undefined,1642,04-2007
Missing/Undefined,1091,05-2007
Missing/Undefined,876,06-2007
Missing/Undefined,1153,07-2007
Missing/Undefined,1253,08-2007
Missing/Undefined,908,09-2007
Missing/Undefined,583,10-2007
Missing/Undefined,507,11-2007
Missing/Undefined,438,12-2007
Missing/Undefined,724,01-2008
Missing/Undefined,1303,02-2008
Missing/Undefined,2025,03-2008
Missing/Undefined,952,04-2008
Missing/Undefined,644,05-2008
Missing/Undefined,1039,06-2008
Missing/Undefined,982,07-2008
Missing/Undefined,663,08-2008
Missing/Undefined,286,09-2008
Missing/Undefined,383,10-2008
Missing/Undefined,702,11-2008
Missing/Undefined,345,12-2008
Missing/Undefined,858,01-2009
Missing/Undefined,1422,02-2009
Missing/Undefined,1944,03-2009
Missing/Undefined,1226,04-2009
Missing/Undefined,407,05-2009
Missing/Undefined,754,06-2009
Missing/Undefined,1056,07-2009
Missing/Undefined,490,08-2009
Missing/Undefined,422,09-2009
Missing/Undefined,231,10-2009
Missing/Undefined,215,11-2009
Missing/Undefined,195,12-2009
Missing/Undefined,317,01-2010
Missing/Undefined,881,02-2010
Missing/Undefined,1273,03-2010
Missing/Undefined,902,04-2010
Missing/Undefined,323,05-2010
Missing/Undefined,378,06-2010
Missing/Undefined,546,07-2010
Missing/Undefined,460,08-2010
Missing/Undefined,782,09-2010
Missing/Undefined,952,10-2010
Missing/Undefined,271,11-2010
Missing/Undefined,373,12-2010
Missing/Undefined,1132,01-2011
Missing/Undefined,3078,02-2011
Missing/Undefined,1924,03-2011
Missing/Undefined,1454,04-2011
Missing/Undefined,922,05-2011
Missing/Undefined,1327,06-2011
Missing/Undefined,1142,07-2011
Missing/Undefined,888,08-2011
Missing/Undefined,652,09-2011
Missing/Undefined,530,10-2011
Missing/Undefined,417,11-2011
Missing/Undefined,437,12-2011
Missing/Undefined,225,01-2012
Missing/Undefined,166,02-2012
Missing/Undefined,229,03-2012
Missing/Undefined,193,04-2012
Missing/Undefined,419,05-2012
Missing/Undefined,600,06-2012
Missing/Undefined,561,07-2012
Missing/Undefined,462,08-2012
Missing/Undefined,411,09-2012
Missing/Undefined,241,10-2012
Missing/Undefined,150,11-2012
Missing/Undefined,78,12-2012
Missing/Undefined,125,01-2013
Missing/Undefined,128,02-2013
Missing/Undefined,405,03-2013
Missing/Undefined,447,04-2013
Missing/Undefined,684,05-2013
Missing/Undefined,625,06-2013
Missing/Undefined,586,07-2013
Missing/Undefined,397,08-2013
Missing/Undefined,369,09-2013
Missing/Undefined,205,10-2013
Missing/Undefined,170,11-2013
Missing/Undefined,100,12-2013
Missing/Undefined,295,01-2014
Missing/Undefined,200,02-2014
Missing/Undefined,178,03-2014
Missing/Undefined,288,04-2014
Missing/Undefined,615,05-2014
Missing/Undefined,582,06-2014
Missing/Undefined,589,07-2014
Missing/Undefined,316,08-2014
Missing/Undefined,258,09-2014
Missing/Undefined,195,10-2014
Missing/Undefined,145,11-2014
Missing/Undefined,40,12-2014
Missing/Undefined,300,01-2015
Missing/Undefined,340,02-2015
Missing/Undefined,379,03-2015
Missing/Undefined,554,04-2015
Missing/Undefined,645,05-2015
Missing/Undefined,807,06-2015
Missing/Undefined,799,07-2015
Missing/Undefined,742,08-2015
Missing/Undefined,562,09-2015
Missing/Undefined,653,10-2015
Missing/Undefined,255,11-2015
Missing/Undefined,240,12-2015
Powerline,1,01-1992
Powerline,4,02-1992
Powerline,8,03-1992
Powerline,11,04-1992
Powerline,19,05-1992
Powerline,17,06-1992
Powerline,18,07-1992
Powerline,13,08-1992
Powerline,20,09-1992
Powerline,10,10-1992
Powerline,6,11-1992
Powerline,1,12-1992
Powerline,6,01-1993
Powerline,10,02-1993
Powerline,3,03-1993
Powerline,16,04-1993
Powerline,25,05-1993
Powerline,17,06-1993
Powerline,17,07-1993
Powerline,11,08-1993
Powerline,13,09-1993
Powerline,5,10-1993
Powerline,6,11-1993
Powerline,4,12-1993
Powerline,1,01-1994
Powerline,4,02-1994
Powerline,13,03-1994
Powerline,20,04-1994
Powerline,11,05-1994
Powerline,24,06-1994
Powerline,24,07-1994
Powerline,21,08-1994
Powerline,8,09-1994
Powerline,6,10-1994
Powerline,11,11-1994
Powerline,1,12-1994
Powerline,0,01-1995
Powerline,0,02-1995
Powerline,10,03-1995
Powerline,24,04-1995
Powerline,13,05-1995
Powerline,15,06-1995
Powerline,27,07-1995
Powerline,24,08-1995
Powerline,23,09-1995
Powerline,10,10-1995
Powerline,6,11-1995
Powerline,2,12-1995
Powerline,3,01-1996
Powerline,9,02-1996
Powerline,7,03-1996
Powerline,20,04-1996
Powerline,19,05-1996
Powerline,15,06-1996
Powerline,25,07-1996
Powerline,27,08-1996
Powerline,19,09-1996
Powerline,18,10-1996
Powerline,2,11-1996
Powerline,2,12-1996
Powerline,2,01-1997
Powerline,8,02-1997
Powerline,7,03-1997
Powerline,34,04-1997
Powerline,42,05-1997
Powerline,31,06-1997
Powerline,23,07-1997
Powerline,17,08-1997
Powerline,9,09-1997
Powerline,5,10-1997
Powerline,2,11-1997
Powerline,0,12-1997
Powerline,1,01-1998
Powerline,3,02-1998
Powerline,16,03-1998
Powerline,109,04-1998
Powerline,51,05-1998
Powerline,26,06-1998
Powerline,46,07-1998
Powerline,37,08-1998
Powerline,32,09-1998
Powerline,25,10-1998
Powerline,14,11-1998
Powerline,11,12-1998
Powerline,2,01-1999
Powerline,7,02-1999
Powerline,30,03-1999
Powerline,56,04-1999
Powerline,51,05-1999
Powerline,48,06-1999
Powerline,39,07-1999
Powerline,32,08-1999
Powerline,35,09-1999
Powerline,27,10-1999
Powerline,29,11-1999
Powerline,8,12-1999
Powerline,19,01-2000
Powerline,11,02-2000
Powerline,27,03-2000
Powerline,58,04-2000
Powerline,69,05-2000
Powerline,44,06-2000
Powerline,28,07-2000
Powerline,33,08-2000
Powerline,24,09-2000
Powerline,25,10-2000
Powerline,7,11-2000
Powerline,6,12-2000
Powerline,7,01-2001
Powerline,10,02-2001
Powerline,9,03-2001
Powerline,81,04-2001
Powerline,42,05-2001
Powerline,38,06-2001
Powerline,45,07-2001
Powerline,39,08-2001
Powerline,34,09-2001
Powerline,30,10-2001
Powerline,27,11-2001
Powerline,2,12-2001
Powerline,9,01-2002
Powerline,8,02-2002
Powerline,23,03-2002
Powerline,41,04-2002
Powerline,51,05-2002
Powerline,37,06-2002
Powerline,49,07-2002
Powerline,31,08-2002
Powerline,36,09-2002
Powerline,14,10-2002
Powerline,7,11-2002
Powerline,6,12-2002
Powerline,10,01-2003
Powerline,7,02-2003
Powerline,35,03-2003
Powerline,28,04-2003
Powerline,18,05-2003
Powerline,35,06-2003
Powerline,29,07-2003
Powerline,37,08-2003
Powerline,23,09-2003
Powerline,24,10-2003
Powerline,17,11-2003
Powerline,5,12-2003
Powerline,0,01-2004
Powerline,4,02-2004
Powerline,20,03-2004
Powerline,31,04-2004
Powerline,13,05-2004
Powerline,31,06-2004
Powerline,30,07-2004
Powerline,17,08-2004
Powerline,12,09-2004
Powerline,10,10-2004
Powerline,17,11-2004
Powerline,6,12-2004
Powerline,4,01-2005
Powerline,2,02-2005
Powerline,16,03-2005
Powerline,63,04-2005
Powerline,23,05-2005
Powerline,35,06-2005
Powerline,40,07-2005
Powerline,38,08-2005
Powerline,37,09-2005
Powerline,9,10-2005
Powerline,32,11-2005
Powerline,14,12-2005
Powerline,17,01-2006
Powerline,26,02-2006
Powerline,29,03-2006
Powerline,34,04-2006
Powerline,38,05-2006
Powerline,40,06-2006
Powerline,46,07-2006
Powerline,61,08-2006
Powerline,23,09-2006
Powerline,15,10-2006
Powerline,7,11-2006
Powerline,8,12-2006
Powerline,10,01-2007
Powerline,22,02-2007
Powerline,47,03-2007
Powerline,43,04-2007
Powerline,41,05-2007
Powerline,65,06-2007
Powerline,40,07-2007
Powerline,55,08-2007
Powerline,30,09-2007
Powerline,20,10-2007
Powerline,11,11-2007
Powerline,6,12-2007
Powerline,18,01-2008
Powerline,19,02-2008
Powerline,21,03-2008
Powerline,38,04-2008
Powerline,31,05-2008
Powerline,24,06-2008
Powerline,69,07-2008
Powerline,29,08-2008
Powerline,10,09-2008
Powerline,12,10-2008
Powerline,16,11-2008
Powerline,8,12-2008
Powerline,84,01-2009
Powerline,162,02-2009
Powerline,135,03-2009
Powerline,246,04-2009
Powerline,159,05-2009
Powerline,94,06-2009
Powerline,137,07-2009
Powerline,106,08-2009
Powerline,56,09-2009
Powerline,26,10-2009
Powerline,39,11-2009
Powerline,22,12-2009
Powerline,42,01-2010
Powerline,22,02-2010
Powerline,110,03-2010
Powerline,268,04-2010
Powerline,170,05-2010
Powerline,112,06-2010
Powerline,119,07-2010
Powerline,144,08-2010
Powerline,113,09-2010
Powerline,152,10-2010
Powerline,85,11-2010
Powerline,97,12-2010
Powerline,91,01-2011
Powerline,242,02-2011
Powerline,166,03-2011
Powerline,442,04-2011
Powerline,240,05-2011
Powerline,347,06-2011
Powerline,256,07-2011
Powerline,387,08-2011
Powerline,370,09-2011
Powerline,166,10-2011
Powerline,75,11-2011
Powerline,46,12-2011
Powerline,57,01-2012
Powerline,39,02-2012
Powerline,49,03-2012
Powerline,45,04-2012
Powerline,86,05-2012
Powerline,97,06-2012
Powerline,114,07-2012
Powerline,118,08-2012
Powerline,68,09-2012
Powerline,30,10-2012
Powerline,22,11-2012
Powerline,48,12-2012
Powerline,36,01-2013
Powerline,25,02-2013
Powerline,118,03-2013
Powerline,88,04-2013
Powerline,93,05-2013
Powerline,64,06-2013
Powerline,49,07-2013
Powerline,68,08-2013
Powerline,47,09-2013
Powerline,26,10-2013
Powerline,33,11-2013
Powerline,19,12-2013
Powerline,131,01-2014
Powerline,85,02-2014
Powerline,201,03-2014
Powerline,217,04-2014
Powerline,162,05-2014
Powerline,88,06-2014
Powerline,134,07-2014
Powerline,141,08-2014
Powerline,85,09-2014
Powerline,79,10-2014
Powerline,81,11-2014
Powerline,29,12-2014
Powerline,75,01-2015
Powerline,101,02-2015
Powerline,139,03-2015
Powerline,234,04-2015
Powerline,155,05-2015
Powerline,105,06-2015
Powerline,145,07-2015
Powerline,187,08-2015
Powerline,126,09-2015
Powerline,157,10-2015
Powerline,108,11-2015
Powerline,48,12-2015
Railroad,256,01-1992
Railroad,295,02-1992
Railroad,330,03-1992
Railroad,226,04-1992
Railroad,423,05-1992
Railroad,89,06-1992
Railroad,105,07-1992
Railroad,46,08-1992
Railroad,37,09-1992
Railroad,79,10-1992
Railroad,48,11-1992
Railroad,65,12-1992
Railroad,53,01-1993
Railroad,149,02-1993
Railroad,247,03-1993
Railroad,292,04-1993
Railroad,293,05-1993
Railroad,214,06-1993
Railroad,124,07-1993
Railroad,150,08-1993
Railroad,58,09-1993
Railroad,74,10-1993
Railroad,71,11-1993
Railroad,119,12-1993
Railroad,198,01-1994
Railroad,188,02-1994
Railroad,358,03-1994
Railroad,252,04-1994
Railroad,402,05-1994
Railroad,159,06-1994
Railroad,111,07-1994
Railroad,97,08-1994
Railroad,51,09-1994
Railroad,38,10-1994
Railroad,65,11-1994
Railroad,46,12-1994
Railroad,84,01-1995
Railroad,352,02-1995
Railroad,355,03-1995
Railroad,220,04-1995
Railroad,211,05-1995
Railroad,163,06-1995
Railroad,138,07-1995
Railroad,210,08-1995
Railroad,111,09-1995
Railroad,72,10-1995
Railroad,85,11-1995
Railroad,141,12-1995
Railroad,358,01-1996
Railroad,602,02-1996
Railroad,414,03-1996
Railroad,384,04-1996
Railroad,288,05-1996
Railroad,184,06-1996
Railroad,166,07-1996
Railroad,107,08-1996
Railroad,83,09-1996
Railroad,84,10-1996
Railroad,122,11-1996
Railroad,104,12-1996
Railroad,246,01-1997
Railroad,244,02-1997
Railroad,315,03-1997
Railroad,392,04-1997
Railroad,250,05-1997
Railroad,141,06-1997
Railroad,120,07-1997
Railroad,73,08-1997
Railroad,137,09-1997
Railroad,164,10-1997
Railroad,53,11-1997
Railroad,42,12-1997
Railroad,84,01-1998
Railroad,103,02-1998
Railroad,248,03-1998
Railroad,286,04-1998
Railroad,315,05-1998
Railroad,290,06-1998
Railroad,134,07-1998
Railroad,109,08-1998
Railroad,78,09-1998
Railroad,100,10-1998
Railroad,64,11-1998
Railroad,62,12-1998
Railroad,214,01-1999
Railroad,324,02-1999
Railroad,462,03-1999
Railroad,387,04-1999
Railroad,257,05-1999
Railroad,93,06-1999
Railroad,113,07-1999
Railroad,153,08-1999
Railroad,156,09-1999
Railroad,93,10-1999
Railroad,119,11-1999
Railroad,153,12-1999
Railroad,245,01-2000
Railroad,519,02-2000
Railroad,438,03-2000
Railroad,331,04-2000
Railroad,402,05-2000
Railroad,209,06-2000
Railroad,211,07-2000
Railroad,186,08-2000
Railroad,96,09-2000
Railroad,183,10-2000
Railroad,110,11-2000
Railroad,213,12-2000
Railroad,398,01-2001
Railroad,283,02-2001
Railroad,172,03-2001
Railroad,304,04-2001
Railroad,391,05-2001
Railroad,109,06-2001
Railroad,93,07-2001
Railroad,99,08-2001
Railroad,49,09-2001
Railroad,130,10-2001
Railroad,182,11-2001
Railroad,83,12-2001
Railroad,143,01-2002
Railroad,262,02-2002
Railroad,356,03-2002
Railroad,306,04-2002
Railroad,312,05-2002
Railroad,133,06-2002
Railroad,81,07-2002
Railroad,92,08-2002
Railroad,74,09-2002
Railroad,45,10-2002
Railroad,46,11-2002
Railroad,50,12-2002
Railroad,30,01-2003
Railroad,12,02-2003
Railroad,48,03-2003
Railroad,132,04-2003
Railroad,108,05-2003
Railroad,54,06-2003
Railroad,92,07-2003
Railroad,40,08-2003
Railroad,24,09-2003
Railroad,40,10-2003
Railroad,22,11-2003
Railroad,10,12-2003
Railroad,15,01-2004
Railroad,16,02-2004
Railroad,135,03-2004
Railroad,203,04-2004
Railroad,124,05-2004
Railroad,71,06-2004
Railroad,42,07-2004
Railroad,48,08-2004
Railroad,27,09-2004
Railroad,9,10-2004
Railroad,8,11-2004
Railroad,21,12-2004
Railroad,19,01-2005
Railroad,12,02-2005
Railroad,57,03-2005
Railroad,145,04-2005
Railroad,147,05-2005
Railroad,76,06-2005
Railroad,81,07-2005
Railroad,54,08-2005
Railroad,55,09-2005
Railroad,40,10-2005
Railroad,53,11-2005
Railroad,29,12-2005
Railroad,57,01-2006
Railroad,84,02-2006
Railroad,154,03-2006
Railroad,180,04-2006
Railroad,117,05-2006
Railroad,155,06-2006
Railroad,97,07-2006
Railroad,73,08-2006
Railroad,29,09-2006
Railroad,35,10-2006
Railroad,17,11-2006
Railroad,16,12-2006
Railroad,6,01-2007
Railroad,51,02-2007
Railroad,119,03-2007
Railroad,168,04-2007
Railroad,166,05-2007
Railroad,80,06-2007
Railroad,56,07-2007
Railroad,99,08-2007
Railroad,65,09-2007
Railroad,54,10-2007
Railroad,39,11-2007
Railroad,10,12-2007
Railroad,18,01-2008
Railroad,30,02-2008
Railroad,93,03-2008
Railroad,152,04-2008
Railroad,85,05-2008
Railroad,96,06-2008
Railroad,78,07-2008
Railroad,54,08-2008
Railroad,61,09-2008
Railroad,55,10-2008
Railroad,31,11-2008
Railroad,25,12-2008
Railroad,19,01-2009
Railroad,62,02-2009
Railroad,98,03-2009
Railroad,149,04-2009
Railroad,70,05-2009
Railroad,50,06-2009
Railroad,53,07-2009
Railroad,37,08-2009
Railroad,12,09-2009
Railroad,6,10-2009
Railroad,17,11-2009
Railroad,4,12-2009
Railroad,14,01-2010
Railroad,6,02-2010
Railroad,106,03-2010
Railroad,138,04-2010
Railroad,53,05-2010
Railroad,36,06-2010
Railroad,81,07-2010
Railroad,59,08-2010
Railroad,83,09-2010
Railroad,74,10-2010
Railroad,34,11-2010
Railroad,31,12-2010
Railroad,9,01-2011
Railroad,28,02-2011
Railroad,86,03-2011
Railroad,115,04-2011
Railroad,86,05-2011
Railroad,83,06-2011
Railroad,82,07-2011
Railroad,70,08-2011
Railroad,41,09-2011
Railroad,24,10-2011
Railroad,23,11-2011
Railroad,13,12-2011
Railroad,15,01-2012
Railroad,30,02-2012
Railroad,78,03-2012
Railroad,107,04-2012
Railroad,92,05-2012
Railroad,87,06-2012
Railroad,58,07-2012
Railroad,60,08-2012
Railroad,41,09-2012
Railroad,23,10-2012
Railroad,24,11-2012
Railroad,6,12-2012
Railroad,5,01-2013
Railroad,11,02-2013
Railroad,42,03-2013
Railroad,109,04-2013
Railroad,91,05-2013
Railroad,39,06-2013
Railroad,42,07-2013
Railroad,39,08-2013
Railroad,15,09-2013
Railroad,7,10-2013
Railroad,18,11-2013
Railroad,5,12-2013
Railroad,22,01-2014
Railroad,22,02-2014
Railroad,54,03-2014
Railroad,108,04-2014
Railroad,112,05-2014
Railroad,23,06-2014
Railroad,63,07-2014
Railroad,43,08-2014
Railroad,13,09-2014
Railroad,32,10-2014
Railroad,28,11-2014
Railroad,9,12-2014
Railroad,10,01-2015
Railroad,19,02-2015
Railroad,42,03-2015
Railroad,65,04-2015
Railroad,67,05-2015
Railroad,51,06-2015
Railroad,33,07-2015
Railroad,29,08-2015
Railroad,21,09-2015
Railroad,22,10-2015
Railroad,9,11-2015
Railroad,2,12-2015
Smoking,164,01-1992
Smoking,316,02-1992
Smoking,307,03-1992
Smoking,338,04-1992
Smoking,350,05-1992
Smoking,232,06-1992
Smoking,234,07-1992
Smoking,229,08-1992
Smoking,183,09-1992
Smoking,185,10-1992
Smoking,51,11-1992
Smoking,29,12-1992
Smoking,39,01-1993
Smoking,155,02-1993
Smoking,145,03-1993
Smoking,242,04-1993
Smoking,229,05-1993
Smoking,271,06-1993
Smoking,390,07-1993
Smoking,258,08-1993
Smoking,290,09-1993
Smoking,205,10-1993
Smoking,139,11-1993
Smoking,57,12-1993
Smoking,109,01-1994
Smoking,195,02-1994
Smoking,402,03-1994
Smoking,346,04-1994
Smoking,260,05-1994
Smoking,254,06-1994
Smoking,317,07-1994
Smoking,236,08-1994
Smoking,182,09-1994
Smoking,143,10-1994
Smoking,126,11-1994
Smoking,58,12-1994
Smoking,58,01-1995
Smoking,209,02-1995
Smoking,398,03-1995
Smoking,456,04-1995
Smoking,245,05-1995
Smoking,173,06-1995
Smoking,276,07-1995
Smoking,328,08-1995
Smoking,301,09-1995
Smoking,192,10-1995
Smoking,120,11-1995
Smoking,139,12-1995
Smoking,103,01-1996
Smoking,302,02-1996
Smoking,343,03-1996
Smoking,359,04-1996
Smoking,243,05-1996
Smoking,176,06-1996
Smoking,245,07-1996
Smoking,243,08-1996
Smoking,145,09-1996
Smoking,157,10-1996
Smoking,86,11-1996
Smoking,52,12-1996
Smoking,77,01-1997
Smoking,100,02-1997
Smoking,222,03-1997
Smoking,303,04-1997
Smoking,185,05-1997
Smoking,174,06-1997
Smoking,271,07-1997
Smoking,201,08-1997
Smoking,219,09-1997
Smoking,115,10-1997
Smoking,59,11-1997
Smoking,45,12-1997
Smoking,52,01-1998
Smoking,71,02-1998
Smoking,189,03-1998
Smoking,205,04-1998
Smoking,144,05-1998
Smoking,244,06-1998
Smoking,321,07-1998
Smoking,315,08-1998
Smoking,276,09-1998
Smoking,232,10-1998
Smoking,225,11-1998
Smoking,132,12-1998
Smoking,116,01-1999
Smoking,177,02-1999
Smoking,365,03-1999
Smoking,362,04-1999
Smoking,219,05-1999
Smoking,203,06-1999
Smoking,272,07-1999
Smoking,382,08-1999
Smoking,465,09-1999
Smoking,272,10-1999
Smoking,275,11-1999
Smoking,142,12-1999
Smoking,155,01-2000
Smoking,279,02-2000
Smoking,302,03-2000
Smoking,255,04-2000
Smoking,329,05-2000
Smoking,237,06-2000
Smoking,308,07-2000
Smoking,367,08-2000
Smoking,281,09-2000
Smoking,299,10-2000
Smoking,145,11-2000
Smoking,90,12-2000
Smoking,246,01-2001
Smoking,237,02-2001
Smoking,274,03-2001
Smoking,351,04-2001
Smoking,373,05-2001
Smoking,171,06-2001
Smoking,236,07-2001
Smoking,239,08-2001
Smoking,138,09-2001
Smoking,319,10-2001
Smoking,664,11-2001
Smoking,133,12-2001
Smoking,139,01-2002
Smoking,367,02-2002
Smoking,268,03-2002
Smoking,269,04-2002
Smoking,232,05-2002
Smoking,254,06-2002
Smoking,275,07-2002
Smoking,307,08-2002
Smoking,202,09-2002
Smoking,83,10-2002
Smoking,87,11-2002
Smoking,52,12-2002
Smoking,111,01-2003
Smoking,56,02-2003
Smoking,93,03-2003
Smoking,229,04-2003
Smoking,129,05-2003
Smoking,106,06-2003
Smoking,243,07-2003
Smoking,154,08-2003
Smoking,135,09-2003
Smoking,117,10-2003
Smoking,84,11-2003
Smoking,68,12-2003
Smoking,120,01-2004
Smoking,89,02-2004
Smoking,270,03-2004
Smoking,300,04-2004
Smoking,146,05-2004
Smoking,123,06-2004
Smoking,157,07-2004
Smoking,111,08-2004
Smoking,89,09-2004
Smoking,64,10-2004
Smoking,62,11-2004
Smoking,58,12-2004
Smoking,83,01-2005
Smoking,101,02-2005
Smoking,171,03-2005
Smoking,303,04-2005
Smoking,163,05-2005
Smoking,146,06-2005
Smoking,185,07-2005
Smoking,178,08-2005
Smoking,243,09-2005
Smoking,133,10-2005
Smoking,188,11-2005
Smoking,144,12-2005
Smoking,335,01-2006
Smoking,205,02-2006
Smoking,561,03-2006
Smoking,412,04-2006
Smoking,213,05-2006
Smoking,196,06-2006
Smoking,259,07-2006
Smoking,203,08-2006
Smoking,121,09-2006
Smoking,98,10-2006
Smoking,61,11-2006
Smoking,73,12-2006
Smoking,49,01-2007
Smoking,120,02-2007
Smoking,208,03-2007
Smoking,228,04-2007
Smoking,389,05-2007
Smoking,192,06-2007
Smoking,190,07-2007
Smoking,241,08-2007
Smoking,145,09-2007
Smoking,123,10-2007
Smoking,102,11-2007
Smoking,76,12-2007
Smoking,147,01-2008
Smoking,145,02-2008
Smoking,170,03-2008
Smoking,252,04-2008
Smoking,191,05-2008
Smoking,199,06-2008
Smoking,207,07-2008
Smoking,152,08-2008
Smoking,105,09-2008
Smoking,88,10-2008
Smoking,111,11-2008
Smoking,81,12-2008
Smoking,143,01-2009
Smoking,229,02-2009
Smoking,266,03-2009
Smoking,260,04-2009
Smoking,116,05-2009
Smoking,93,06-2009
Smoking,159,07-2009
Smoking,130,08-2009
Smoking,94,09-2009
Smoking,45,10-2009
Smoking,53,11-2009
Smoking,27,12-2009
Smoking,48,01-2010
Smoking,48,02-2010
Smoking,195,03-2010
Smoking,248,04-2010
Smoking,168,05-2010
Smoking,127,06-2010
Smoking,200,07-2010
Smoking,196,08-2010
Smoking,227,09-2010
Smoking,157,10-2010
Smoking,120,11-2010
Smoking,93,12-2010
Smoking,90,01-2011
Smoking,182,02-2011
Smoking,162,03-2011
Smoking,161,04-2011
Smoking,171,05-2011
Smoking,206,06-2011
Smoking,228,07-2011
Smoking,252,08-2011
Smoking,206,09-2011
Smoking,79,10-2011
Smoking,88,11-2011
Smoking,40,12-2011
Smoking,82,01-2012
Smoking,81,02-2012
Smoking,158,03-2012
Smoking,271,04-2012
Smoking,126,05-2012
Smoking,189,06-2012
Smoking,224,07-2012
Smoking,161,08-2012
Smoking,110,09-2012
Smoking,85,10-2012
Smoking,103,11-2012
Smoking,39,12-2012
Smoking,58,01-2013
Smoking,71,02-2013
Smoking,171,03-2013
Smoking,236,04-2013
Smoking,205,05-2013
Smoking,148,06-2013
Smoking,135,07-2013
Smoking,103,08-2013
Smoking,68,09-2013
Smoking,64,10-2013
Smoking,79,11-2013
Smoking,28,12-2013
Smoking,116,01-2014
Smoking,56,02-2014
Smoking,183,03-2014
Smoking,232,04-2014
Smoking,143,05-2014
Smoking,95,06-2014
Smoking,114,07-2014
Smoking,98,08-2014
Smoking,63,09-2014
Smoking,63,10-2014
Smoking,84,11-2014
Smoking,31,12-2014
Smoking,86,01-2015
Smoking,95,02-2015
Smoking,221,03-2015
Smoking,290,04-2015
Smoking,378,05-2015
Smoking,90,06-2015
Smoking,156,07-2015
Smoking,164,08-2015
Smoking,155,09-2015
Smoking,138,10-2015
Smoking,76,11-2015
Smoking,35,12-2015
Structure,0,01-1992
Structure,1,02-1992
Structure,4,03-1992
Structure,3,04-1992
Structure,8,05-1992
Structure,11,06-1992
Structure,7,07-1992
Structure,3,08-1992
Structure,3,09-1992
Structure,2,10-1992
Structure,5,11-1992
Structure,0,12-1992
Structure,1,01-1993
Structure,4,02-1993
Structure,3,03-1993
Structure,2,04-1993
Structure,11,05-1993
Structure,7,06-1993
Structure,13,07-1993
Structure,6,08-1993
Structure,2,09-1993
Structure,1,10-1993
Structure,4,11-1993
Structure,0,12-1993
Structure,3,01-1994
Structure,2,02-1994
Structure,3,03-1994
Structure,3,04-1994
Structure,9,05-1994
Structure,9,06-1994
Structure,11,07-1994
Structure,7,08-1994
Structure,4,09-1994
Structure,2,10-1994
Structure,9,11-1994
Structure,5,12-1994
Structure,7,01-1995
Structure,4,02-1995
Structure,11,03-1995
Structure,15,04-1995
Structure,8,05-1995
Structure,15,06-1995
Structure,3,07-1995
Structure,6,08-1995
Structure,6,09-1995
Structure,5,10-1995
Structure,6,11-1995
Structure,3,12-1995
Structure,3,01-1996
Structure,3,02-1996
Structure,7,03-1996
Structure,8,04-1996
Structure,16,05-1996
Structure,12,06-1996
Structure,9,07-1996
Structure,14,08-1996
Structure,1,09-1996
Structure,7,10-1996
Structure,4,11-1996
Structure,1,12-1996
Structure,4,01-1997
Structure,6,02-1997
Structure,8,03-1997
Structure,23,04-1997
Structure,23,05-1997
Structure,14,06-1997
Structure,10,07-1997
Structure,6,08-1997
Structure,8,09-1997
Structure,7,10-1997
Structure,6,11-1997
Structure,1,12-1997
Structure,3,01-1998
Structure,5,02-1998
Structure,6,03-1998
Structure,15,04-1998
Structure,16,05-1998
Structure,7,06-1998
Structure,10,07-1998
Structure,8,08-1998
Structure,8,09-1998
Structure,10,10-1998
Structure,10,11-1998
Structure,12,12-1998
Structure,3,01-1999
Structure,7,02-1999
Structure,12,03-1999
Structure,14,04-1999
Structure,21,05-1999
Structure,12,06-1999
Structure,16,07-1999
Structure,9,08-1999
Structure,8,09-1999
Structure,10,10-1999
Structure,11,11-1999
Structure,7,12-1999
Structure,6,01-2000
Structure,10,02-2000
Structure,19,03-2000
Structure,22,04-2000
Structure,21,05-2000
Structure,18,06-2000
Structure,7,07-2000
Structure,8,08-2000
Structure,7,09-2000
Structure,8,10-2000
Structure,8,11-2000
Structure,2,12-2000
Structure,6,01-2001
Structure,7,02-2001
Structure,8,03-2001
Structure,23,04-2001
Structure,17,05-2001
Structure,13,06-2001
Structure,11,07-2001
Structure,5,08-2001
Structure,6,09-2001
Structure,19,10-2001
Structure,21,11-2001
Structure,9,12-2001
Structure,6,01-2002
Structure,9,02-2002
Structure,16,03-2002
Structure,17,04-2002
Structure,29,05-2002
Structure,12,06-2002
Structure,18,07-2002
Structure,12,08-2002
Structure,16,09-2002
Structure,11,10-2002
Structure,10,11-2002
Structure,15,12-2002
Structure,7,01-2003
Structure,7,02-2003
Structure,9,03-2003
Structure,29,04-2003
Structure,12,05-2003
Structure,6,06-2003
Structure,11,07-2003
Structure,4,08-2003
Structure,7,09-2003
Structure,14,10-2003
Structure,7,11-2003
Structure,1,12-2003
Structure,6,01-2004
Structure,5,02-2004
Structure,16,03-2004
Structure,22,04-2004
Structure,15,05-2004
Structure,14,06-2004
Structure,15,07-2004
Structure,20,08-2004
Structure,4,09-2004
Structure,6,10-2004
Structure,7,11-2004
Structure,5,12-2004
Structure,13,01-2005
Structure,7,02-2005
Structure,21,03-2005
Structure,15,04-2005
Structure,21,05-2005
Structure,12,06-2005
Structure,11,07-2005
Structure,14,08-2005
Structure,7,09-2005
Structure,11,10-2005
Structure,24,11-2005
Structure,12,12-2005
Structure,2,01-2006
Structure,12,02-2006
Structure,7,03-2006
Structure,6,04-2006
Structure,11,05-2006
Structure,3,06-2006
Structure,13,07-2006
Structure,7,08-2006
Structure,8,09-2006
Structure,5,10-2006
Structure,6,11-2006
Structure,3,12-2006
Structure,5,01-2007
Structure,9,02-2007
Structure,20,03-2007
Structure,12,04-2007
Structure,19,05-2007
Structure,12,06-2007
Structure,9,07-2007
Structure,22,08-2007
Structure,15,09-2007
Structure,10,10-2007
Structure,13,11-2007
Structure,3,12-2007
Structure,3,01-2008
Structure,3,02-2008
Structure,7,03-2008
Structure,8,04-2008
Structure,9,05-2008
Structure,11,06-2008
Structure,15,07-2008
Structure,25,08-2008
Structure,8,09-2008
Structure,2,10-2008
Structure,1,11-2008
Structure,1,12-2008
Structure,12,01-2009
Structure,16,02-2009
Structure,24,03-2009
Structure,29,04-2009
Structure,25,05-2009
Structure,20,06-2009
Structure,28,07-2009
Structure,10,08-2009
Structure,7,09-2009
Structure,3,10-2009
Structure,14,11-2009
Structure,6,12-2009
Structure,8,01-2010
Structure,4,02-2010
Structure,27,03-2010
Structure,44,04-2010
Structure,25,05-2010
Structure,11,06-2010
Structure,20,07-2010
Structure,21,08-2010
Structure,24,09-2010
Structure,35,10-2010
Structure,16,11-2010
Structure,22,12-2010
Structure,8,01-2011
Structure,39,02-2011
Structure,12,03-2011
Structure,33,04-2011
Structure,22,05-2011
Structure,27,06-2011
Structure,14,07-2011
Structure,19,08-2011
Structure,15,09-2011
Structure,24,10-2011
Structure,17,11-2011
Structure,10,12-2011
Structure,10,01-2012
Structure,23,02-2012
Structure,37,03-2012
Structure,43,04-2012
Structure,32,05-2012
Structure,36,06-2012
Structure,29,07-2012
Structure,29,08-2012
Structure,34,09-2012
Structure,36,10-2012
Structure,38,11-2012
Structure,10,12-2012
Structure,10,01-2013
Structure,19,02-2013
Structure,47,03-2013
Structure,31,04-2013
Structure,28,05-2013
Structure,16,06-2013
Structure,18,07-2013
Structure,11,08-2013
Structure,14,09-2013
Structure,11,10-2013
Structure,24,11-2013
Structure,8,12-2013
Structure,24,01-2014
Structure,14,02-2014
Structure,44,03-2014
Structure,40,04-2014
Structure,36,05-2014
Structure,21,06-2014
Structure,28,07-2014
Structure,12,08-2014
Structure,19,09-2014
Structure,13,10-2014
Structure,18,11-2014
Structure,15,12-2014
Structure,16,01-2015
Structure,31,02-2015
Structure,43,03-2015
Structure,52,04-2015
Structure,31,05-2015
Structure,24,06-2015
Structure,23,07-2015
Structure,29,08-2015
Structure,23,09-2015
Structure,25,10-2015
Structure,27,11-2015
Structure,11,12-2015